ax_0,ay_0,az_0,gx_0,gy_0,gz_0,ax_1,ay_1,az_1,gx_1,gy_1,gz_1,ax_2,ay_2,az_2,gx_2,gy_2,gz_2,ax_3,ay_3,az_3,gx_3,gy_3,gz_3,ax_4,ay_4,az_4,gx_4,gy_4,gz_4,ax_5,ay_5,az_5,gx_5,gy_5,gz_5,ax_6,ay_6,az_6,gx_6,gy_6,gz_6,ax_7,ay_7,az_7,gx_7,gy_7,gz_7,ax_8,ay_8,az_8,gx_8,gy_8,gz_8,ax_9,ay_9,az_9,gx_9,gy_9,gz_9,ax_10,ay_10,az_10,gx_10,gy_10,gz_10,ax_11,ay_11,az_11,gx_11,gy_11,gz_11,ax_12,ay_12,az_12,gx_12,gy_12,gz_12,ax_13,ay_13,az_13,gx_13,gy_13,gz_13,ax_14,ay_14,az_14,gx_14,gy_14,gz_14,ax_15,ay_15,az_15,gx_15,gy_15,gz_15,ax_16,ay_16,az_16,gx_16,gy_16,gz_16,ax_17,ay_17,az_17,gx_17,gy_17,gz_17,ax_18,ay_18,az_18,gx_18,gy_18,gz_18,ax_19,ay_19,az_19,gx_19,gy_19,gz_19,ax_20,ay_20,az_20,gx_20,gy_20,gz_20,ax_21,ay_21,az_21,gx_21,gy_21,gz_21,ax_22,ay_22,az_22,gx_22,gy_22,gz_22,ax_23,ay_23,az_23,gx_23,gy_23,gz_23,ax_24,ay_24,az_24,gx_24,gy_24,gz_24,ax_25,ay_25,az_25,gx_25,gy_25,gz_25,ax_26,ay_26,az_26,gx_26,gy_26,gz_26,ax_27,ay_27,az_27,gx_27,gy_27,gz_27,ax_28,ay_28,az_28,gx_28,gy_28,gz_28,ax_29,ay_29,az_29,gx_29,gy_29,gz_29,ax_30,ay_30,az_30,gx_30,gy_30,gz_30,ax_31,ay_31,az_31,gx_31,gy_31,gz_31,ax_32,ay_32,az_32,gx_32,gy_32,gz_32,ax_33,ay_33,az_33,gx_33,gy_33,gz_33,ax_34,ay_34,az_34,gx_34,gy_34,gz_34,ax_35,ay_35,az_35,gx_35,gy_35,gz_35,ax_36,ay_36,az_36,gx_36,gy_36,gz_36,ax_37,ay_37,az_37,gx_37,gy_37,gz_37,ax_38,ay_38,az_38,gx_38,gy_38,gz_38,ax_39,ay_39,az_39,gx_39,gy_39,gz_39,ax_40,ay_40,az_40,gx_40,gy_40,gz_40,ax_41,ay_41,az_41,gx_41,gy_41,gz_41,ax_42,ay_42,az_42,gx_42,gy_42,gz_42,ax_43,ay_43,az_43,gx_43,gy_43,gz_43,ax_44,ay_44,az_44,gx_44,gy_44,gz_44,ax_45,ay_45,az_45,gx_45,gy_45,gz_45,ax_46,ay_46,az_46,gx_46,gy_46,gz_46,ax_47,ay_47,az_47,gx_47,gy_47,gz_47,ax_48,ay_48,az_48,gx_48,gy_48,gz_48,ax_49,ay_49,az_49,gx_49,gy_49,gz_49,ax_50,ay_50,az_50,gx_50,gy_50,gz_50,ax_51,ay_51,az_51,gx_51,gy_51,gz_51,ax_52,ay_52,az_52,gx_52,gy_52,gz_52,ax_53,ay_53,az_53,gx_53,gy_53,gz_53,ax_54,ay_54,az_54,gx_54,gy_54,gz_54,ax_55,ay_55,az_55,gx_55,gy_55,gz_55,ax_56,ay_56,az_56,gx_56,gy_56,gz_56,ax_57,ay_57,az_57,gx_57,gy_57,gz_57,ax_58,ay_58,az_58,gx_58,gy_58,gz_58,ax_59,ay_59,az_59,gx_59,gy_59,gz_59,ax_60,ay_60,az_60,gx_60,gy_60,gz_60,ax_61,ay_61,az_61,gx_61,gy_61,gz_61,ax_62,ay_62,az_62,gx_62,gy_62,gz_62,ax_63,ay_63,az_63,gx_63,gy_63,gz_63,ax_64,ay_64,az_64,gx_64,gy_64,gz_64,ax_65,ay_65,az_65,gx_65,gy_65,gz_65,ax_66,ay_66,az_66,gx_66,gy_66,gz_66,ax_67,ay_67,az_67,gx_67,gy_67,gz_67,ax_68,ay_68,az_68,gx_68,gy_68,gz_68,ax_69,ay_69,az_69,gx_69,gy_69,gz_69,ax_70,ay_70,az_70,gx_70,gy_70,gz_70,ax_71,ay_71,az_71,gx_71,gy_71,gz_71,ax_72,ay_72,az_72,gx_72,gy_72,gz_72,ax_73,ay_73,az_73,gx_73,gy_73,gz_73,ax_74,ay_74,az_74,gx_74,gy_74,gz_74,label
0.17,0.37,2.11,-7.91,0.5,-5.21,0.17,0.34,2.17,-6.35,5.54,-3.5,0.17,0.36,2.18,-6.44,0.43,-0.41,0.18,0.3,2.11,-3.13,-2.64,1.66,0.17,0.29,2.08,-6.5,9.91,-3.22,0.17,0.33,2.2,-10.2,10.58,-4.46,0.16,0.38,2.19,-10.92,2.67,0.75,0.16,0.29,2.1,-12.79,0.6,4.75,0.16,0.24,2.15,-8.66,14.67,-3.04,0.15,0.31,2.27,-2.7,5.36,-7.62,0.16,0.36,2.17,5.24,1.11,-3.25,0.15,0.31,2.21,5.95,-2.7,1.48,0.16,0.3,2.17,-7.3,1.37,-5.04,0.14,0.34,2.21,-2.08,6.32,-5.05,0.15,0.31,2.27,-1.8,-0.87,-0.6,0.17,0.32,2.21,-3.22,-8.67,-4.05,0.17,0.36,2.16,-1.01,-3.5,-2.35,0.16,0.35,2.15,-4.41,-3.56,1.18,0.14,0.29,2.14,-8.81,2.7,0.4,0.15,0.28,2.21,-22.89,0.02,-2.09,0.15,0.28,2.19,-10.38,-6.37,-2.76,0.16,0.23,2.16,-3.24,-4.67,-4.84,0.16,0.3,2.04,0.5,6.95,-6.76,0.16,0.31,2.21,2.84,9.07,-3.54,0.16,0.31,2.19,4.55,-1.65,-0.92,0.16,0.3,2.14,5.74,0.29,-0.03,0.16,0.29,2.17,8.69,0.06,-3.15,0.18,0.31,2.09,1.94,-8.46,-6.44,0.19,0.32,2.11,3.63,12.63,-4.31,0.17,0.32,2.16,-18.81,17.94,-5.92,0.15,0.35,2.29,-2.6,14.9,-2.41,0.17,0.31,2.26,0.49,1.42,1.39,0.17,0.32,2.23,6.18,4.78,-0.64,0.16,0.31,2.23,-15.45,1.33,-0.29,0.17,0.32,2.19,-29.15,3.97,-1.94,0.16,0.28,2.23,-44.24,9.66,-3.16,0.15,0.24,2.28,-40.6,0.38,-3.63,0.15,0.23,2.27,-14.31,-3.01,-2.6,0.14,0.19,2.23,4.09,-2.5,-1.27,0.14,0.08,2.2,0.35,-8.14,-10.75,0.15,0.12,2.14,0.79,1.89,-25.15,0.16,0.2,2.29,-8.76,1.21,-33.71,0.17,0.32,2.17,-19.27,-8.53,-35.3,1.13,-2.38,-9.95,-27.22,5.34,-26.53,0.12,0.11,2.17,-5.16,-3.25,-3.71,0.14,0.08,2.14,3.08,-0.53,-1.47,0.15,0.1,2.14,4.78,3.36,-2.52,0.14,0.11,2.18,7.42,6.14,0.93,0.12,0.05,2.21,-0.47,4.87,2.03,0.1,0.04,2.25,2.43,2.63,-0.4,0.1,-0.0,2.29,-4.03,-10.05,-6.02,0.13,0.07,2.09,-5.88,-2.99,-11.01,0.14,0.11,2.16,-2.9,10.43,-8.5,0.14,0.12,2.25,4.37,8.32,-6.24,0.14,0.14,2.27,2.92,-0.52,-2.63,0.14,0.13,2.19,-0.08,-1.53,0.23,0.13,0.1,2.15,-5.69,4.18,1.54,0.13,0.09,2.23,-4.61,8.53,1.45,0.13,0.07,2.23,-2.6,1.31,1.56,0.13,0.08,2.15,0.93,0.55,1.79,0.12,0.06,2.18,1.42,5.27,1.83,0.12,0.05,2.25,1.89,9.92,-1.89,0.11,0.05,2.23,7.4,0.5,-4.34,0.11,0.09,2.2,-6.98,3.63,-4.46,0.11,0.07,2.25,-2.82,4.34,-2.82,0.11,0.07,2.3,8.87,-0.03,-1.73,0.11,0.1,2.28,7.39,-9.57,-0.14,0.12,0.04,2.2,-2.32,-15.01,-1.73,0.14,0.09,2.08,-8.5,-6.43,-5.42,0.14,0.12,2.11,-8.7,0.63,-4.14,0.13,0.1,2.11,-4.38,4.87,-0.89,0.12,0.08,2.19,2.11,9.76,0.03,0.13,0.07,2.24,-1.02,2.72,-1.3,0.12,0.08,2.14,-3.54,3.15,-3.71,0.12,0.1,2.21,-0.09,10.87,-2.55,0
0.47,0.06,1.97,127.25,59.73,-102.79,-0.0,0.72,2.1,78.35,-48.72,4.63,0.37,-0.19,2.32,-2.58,62.81,36.84,0.24,-0.25,2.45,-73.82,3.74,14.5,0.3,-0.35,2.46,-83.57,-20.12,-23.54,0.44,-0.07,2.23,-55.05,-34.53,-40.87,0.43,0.23,2.08,14.27,-14.46,-4.17,0.42,-0.04,2.28,36.93,-6.5,25.95,0.36,-0.16,2.29,-31.62,-21.56,16.98,0.39,-0.17,2.27,-74.26,-34.34,5.59,0.41,-0.3,2.17,-114.7,-40.4,-5.08,0.46,-0.55,2.05,-202.08,-41.11,-57.74,0.49,-0.26,2.07,-211.3,-5.3,-92.72,0.52,-0.06,1.85,-136.95,-33.25,-73.62,0.82,-0.66,-0.53,313.8,-26.09,12.92,0.08,-0.6,2.19,255.02,500.26,-114.24,0.18,0.34,2.86,205.45,288.32,-123.62,0.09,1.01,2.67,348.99,188.79,-13.56,0.11,0.77,2.97,300.89,114.95,87.37,0.11,0.17,2.88,144.32,7.74,110.78,0.07,-0.28,2.3,-107.19,-35.24,46.98,-0.02,-0.07,2.0,-186.08,14.89,-5.37,0.16,0.2,2.34,-74.49,21.04,-36.53,0.17,0.74,2.05,22.2,30.61,40.95,0.38,0.59,1.59,500.26,62.08,171.57,0.11,0.38,2.32,284.17,75.47,189.27,0.13,-0.33,2.66,140.7,14.75,121.88,0.13,-0.04,2.61,25.37,-34.79,24.75,0.26,0.59,2.09,18.02,-61.59,20.96,0.2,0.47,1.98,-59.45,-85.54,30.15,0.22,0.68,1.84,10.08,-21.57,66.23,-1.03,1.45,0.0,-6.41,-1.45,624.0,0.78,-0.6,1.95,-388.21,-33.79,46.87,0.75,-0.72,1.43,-448.5,-60.29,133.34,0.76,-1.56,1.03,-374.32,-13.01,145.8,0.66,-1.69,1.35,-307.74,-1.37,102.34,0.66,-1.62,1.04,-330.85,-2.81,65.83,0.72,-1.2,1.29,-338.12,15.02,80.81,0.67,-1.48,1.15,-322.93,-51.07,132.64,0.61,-1.45,0.82,-302.38,12.99,121.94,0.53,-1.79,0.92,-281.25,-72.11,155.01,0.52,-1.9,0.05,-254.05,-19.62,114.4,0.45,-1.88,0.69,-252.79,42.55,98.38,0.52,-1.99,0.82,-236.18,33.53,103.56,0.47,-2.09,0.61,-147.19,-19.92,71.19,0.37,-2.25,0.56,-51.36,-15.88,40.24,0.27,-2.44,0.39,56.21,-30.23,-10.0,0.34,-2.19,0.51,110.06,-28.6,-48.55,0.46,-2.38,1.01,214.24,-27.45,-84.84,0.44,-2.84,1.03,497.95,-154.49,-148.58,0.36,-3.03,-0.16,500.26,-191.47,-269.66,0.36,-2.54,0.5,500.26,-120.73,-367.66,0.05,-2.24,0.63,500.26,-236.55,-469.44,0.25,-1.1,-0.04,500.26,-206.55,-500.27,0.62,0.87,2.38,500.26,257.53,-388.08,0.71,-1.18,1.19,500.26,-158.43,-402.93,0.84,0.33,1.94,500.26,49.3,-402.52,0.62,-0.59,0.23,500.26,-78.35,-411.04,0.53,1.21,0.39,500.26,145.54,-457.53,0.55,2.5,1.31,500.26,227.91,-3.89,0.57,1.48,-0.07,231.69,103.85,-162.56,0.85,0.33,0.22,-500.27,-107.27,487.85,0.73,-0.49,0.36,-500.27,144.64,478.23,0.53,-0.79,1.23,-500.27,13.39,449.04,0.75,0.08,1.76,-500.27,157.3,480.63,0.31,-0.2,0.47,-500.27,-172.81,500.26,-0.21,-1.04,-0.79,-500.27,-91.27,500.26,-0.18,-2.25,-0.53,-500.27,-16.5,500.26,-0.58,-3.53,-0.79,-500.27,-86.38,389.22,-0.69,-3.96,-1.05,-205.73,-97.07,175.51,-0.54,-3.31,-1.19,-0.58,23.98,-32.23,-0.29,-2.27,-0.36,55.62,18.96,-76.61,-0.13,-2.2,-0.68,134.53,-1.1,-59.27,-0.18,-3.09,-0.79,337.66,25.05,-122.12,-0.23,-3.62,-0.31,500.26,56.26,-279.71,1
0.16,0.25,2.2,0.69,-0.37,-1.11,0.15,0.29,2.21,-9.19,0.61,-1.07,0.16,0.22,2.17,0.24,4.61,-1.71,0.16,0.25,2.16,-3.85,2.03,-1.4,0.15,0.24,2.21,-1.95,0.79,-1.39,0.15,0.24,2.18,-2.92,1.45,-1.31,0.16,0.24,2.18,-3.25,0.85,-1.33,0.16,0.23,2.18,-2.99,0.27,-1.76,0.15,0.24,2.19,-3.19,0.81,-1.45,0.15,0.24,2.19,-2.99,1.28,-1.51,0.15,0.24,2.2,-2.64,1.95,-1.57,0.16,0.23,2.17,-2.21,1.11,-1.77,0.16,0.24,2.18,-2.47,0.93,-1.79,0.16,0.23,2.2,-2.87,0.73,-1.25,0.15,0.23,2.18,-3.04,0.64,-1.63,0.16,0.24,2.18,1.53,0.03,-1.5,0.16,0.25,2.15,8.67,3.33,-1.08,0.15,0.24,2.19,2.93,-0.58,-0.92,0.15,0.24,2.2,0.09,-0.73,-1.05,0.16,0.24,2.19,4.43,-0.03,-1.33,0.15,0.24,2.18,4.84,-0.26,-1.36,0.16,0.24,2.19,5.45,-0.63,-1.56,0.13,0.24,2.25,13.36,2.32,-0.67,0.15,0.27,2.25,9.71,4.32,-1.5,0.16,0.26,2.2,3.59,0.11,-0.47,0.16,0.25,2.19,3.94,0.09,-0.87,0.16,0.25,2.17,8.79,0.14,-0.9,0.15,0.26,2.19,8.08,0.46,-0.64,0.16,0.27,2.17,8.05,0.18,-1.07,0.17,0.27,2.17,6.37,1.08,-0.63,0.17,0.27,2.18,6.37,0.72,-1.04,0.17,0.27,2.17,5.07,1.04,-1.3,0.16,0.27,2.18,7.19,0.44,-1.36,0.16,0.27,2.19,7.19,1.1,-1.01,0.16,0.28,2.19,5.44,0.29,-0.99,0.15,0.28,2.18,5.28,0.26,-0.95,0.15,0.29,2.19,4.5,1.74,-1.18,-0.58,-4.0,4.0,-14.56,-311.51,28.35,-0.56,-3.79,3.66,75.4,-500.27,-100.17,-0.47,-2.5,1.46,68.35,-500.27,-248.17,-0.05,-0.17,-1.29,-211.51,-500.27,-298.58,1.01,2.19,-4.0,0.47,-0.02,-0.02,1.77,0.98,2.86,0.0,0.0,0.0,1.12,-1.53,4.0,-258.15,500.26,169.8,0.79,-1.92,4.0,-109.63,127.73,108.21,0.9,-2.69,2.71,-97.07,-108.55,40.99,0.73,-3.68,0.86,0.0,0.0,0.0,0.48,-0.58,-1.56,-2.89,-47.65,-119.89,0.72,1.24,-1.44,-308.75,461.37,-335.94,-0.13,0.42,-2.1,-260.98,495.42,-196.24,-2.97,2.43,4.0,287.76,500.26,-54.26,-2.85,4.0,4.0,-175.88,-500.27,168.82,-1.33,2.6,3.49,-500.27,-500.27,234.08,-1.32,2.49,4.0,-500.27,-500.27,395.22,-2.2,0.31,4.0,-431.98,-500.27,500.26,-1.86,-2.43,0.54,-401.48,-500.27,397.68,-0.53,-1.42,-1.72,-500.27,-500.27,166.7,0.0,-2.07,-0.93,-330.92,-500.27,81.51,0.75,-1.48,-0.94,232.98,-298.95,-216.41,0.83,-0.52,0.33,145.89,-346.14,-226.2,1.13,-0.1,-1.44,22.05,-329.44,-183.59,1.47,0.0,-1.07,35.71,-43.28,-152.26,2.15,-0.48,1.54,0.0,0.0,0.0,2.75,0.55,1.49,50.89,-105.3,-222.76,2.92,1.14,1.69,84.24,-97.33,-109.34,2.34,0.32,0.57,21.48,-218.21,-10.14,1.47,-0.55,-0.83,-19.97,-286.37,69.31,1.79,-2.88,1.01,0.0,0.0,0.0,0.1,-1.0,-1.0,-0.02,-0.02,-0.02,0.52,0.23,-2.78,164.79,434.85,-102.14,1.68,-1.17,4.0,-203.91,272.78,403.79,0.76,-3.86,4.0,-208.87,-269.18,266.03,0.0,-4.0,1.85,-103.19,-473.77,-59.63,-0.37,-3.47,0.36,10.47,-500.27,-301.73,-1.15,-0.71,-0.83,-0.11,-0.02,-0.02,2
0.07,0.07,2.24,5.57,5.68,-1.04,0.1,0.12,2.19,6.73,3.6,-2.47,0.11,0.12,2.22,11.25,2.49,-0.02,0.09,0.09,2.18,2.02,7.51,-1.92,0.08,0.08,2.23,-0.93,7.04,-1.28,0.08,0.11,2.25,-4.55,5.4,-0.99,0.08,0.09,2.16,-4.4,3.24,-0.67,0.06,0.06,2.23,-5.86,6.26,-1.89,0.07,0.12,2.25,-5.86,9.01,-5.65,0.07,0.14,2.24,0.67,2.66,-2.79,0.06,0.11,2.21,7.01,4.75,-1.62,0.06,0.09,2.18,2.81,0.44,-2.78,0.06,0.1,2.25,-1.79,6.6,-2.14,0.05,0.07,2.22,-7.76,0.27,-2.98,0.06,0.12,2.25,-1.15,-1.91,-2.2,0.09,0.09,2.15,-6.18,-0.32,-3.16,0.09,0.11,2.18,-3.86,2.84,-2.18,0.09,0.1,2.22,-2.08,4.27,-3.1,0.09,0.1,2.14,-1.51,0.82,-1.56,0.09,0.1,2.19,-4.32,5.71,-2.81,0.08,0.11,2.2,-2.67,7.48,-3.01,0.06,0.1,2.27,-8.37,6.06,-4.08,0.06,0.11,2.21,-6.55,4.0,-3.15,0.06,0.1,2.18,-1.39,-0.92,-2.78,0.08,0.12,2.18,-0.96,2.18,-1.15,0.06,0.1,2.2,3.92,4.27,-1.88,0.07,0.12,2.21,6.44,1.71,-0.08,0.06,0.1,2.25,-1.37,4.35,-1.05,0.04,0.07,2.24,-4.56,-1.62,-0.69,0.06,0.09,2.14,3.68,-0.64,-2.15,0.07,0.09,2.15,5.82,5.34,-2.75,0.02,0.08,2.17,2.2,2.58,-3.54,0.08,0.12,2.07,-1.66,5.54,-4.66,0.04,0.09,2.26,-6.64,-0.69,-4.08,0.04,0.1,2.26,5.15,-0.66,-3.15,0.07,0.16,2.15,4.53,-0.26,-2.66,0.06,0.09,2.15,5.86,3.66,-1.71,0.05,0.1,2.17,0.55,0.15,-2.73,0.05,0.09,2.15,-2.47,10.41,-3.88,0.05,0.1,2.17,-0.14,13.83,-3.36,0.05,0.11,2.18,-2.27,5.01,-3.5,0.05,0.11,2.22,-5.45,1.24,-3.28,0.04,0.1,2.23,-1.04,-2.35,-3.63,0.05,0.1,2.2,-0.81,2.44,-4.58,0.06,0.13,2.23,6.98,-0.11,-2.29,0.05,0.11,2.16,3.82,-4.12,-2.44,0.08,0.12,2.16,2.37,0.96,-3.08,0.08,0.12,2.16,-1.83,4.96,-3.69,0.06,0.11,2.22,-2.84,6.23,-2.18,0.05,0.11,2.24,-8.61,3.45,-3.15,0.07,0.13,2.19,-9.18,-4.73,-0.7,0.07,0.14,2.21,-5.56,-1.48,1.39,0.06,0.12,2.2,0.35,-6.84,3.88,0.06,0.11,2.2,2.34,-1.47,1.36,0.06,0.1,2.22,-2.34,4.56,0.49,0.05,0.08,2.23,-9.27,0.93,-1.71,0.05,0.11,2.2,-12.55,-2.32,-1.59,0.07,0.11,2.16,-4.37,2.5,-2.05,0.06,0.11,2.17,-1.85,7.91,-0.24,0.04,0.09,2.21,0.26,0.58,0.95,0.05,0.09,2.22,0.69,4.02,-1.04,0.06,0.1,2.21,1.76,3.42,-0.17,0.05,0.1,2.17,3.44,1.13,0.27,0.05,0.11,2.18,2.66,2.02,-0.89,0.06,0.13,2.22,-3.22,3.76,-1.15,0.05,0.13,2.19,-3.02,2.27,-0.82,0.05,0.11,2.19,-1.89,3.45,0.24,0.05,0.11,2.19,1.6,4.09,-0.6,0.05,0.08,2.2,1.82,5.04,-2.15,0.05,0.12,2.19,-1.56,4.63,-2.73,0.06,0.13,2.19,-1.19,5.68,-1.05,0.06,0.12,2.21,-0.06,2.08,1.05,0.04,0.09,2.23,3.62,-3.05,0.31,0.06,0.08,2.14,-2.92,2.78,-3.47,0.04,0.11,2.22,-8.75,1.47,-3.53,0
0.46,0.17,2.09,6.37,2.96,0.37,0.45,0.13,2.14,-2.09,-2.56,-2.7,0.46,0.19,2.13,4.61,8.14,-0.31,0.44,0.14,2.26,-13.57,-4.29,-2.32,0.46,0.16,2.06,-5.15,-0.08,0.96,0.45,0.12,2.2,-7.37,0.18,-2.03,0.46,0.16,2.09,3.85,0.34,-2.4,0.47,0.2,2.23,7.53,2.17,-0.09,0.47,0.18,2.16,-1.34,-4.56,-3.69,0.47,0.18,2.11,-0.84,7.28,-0.12,0.45,0.17,2.17,-2.61,2.76,0.73,0.45,0.17,2.18,4.11,2.63,1.31,0.46,0.16,2.11,4.47,3.18,1.56,0.45,0.13,2.24,-9.31,-4.0,-0.49,0.45,0.13,2.17,2.79,3.77,0.89,0.44,0.14,2.12,-3.56,-1.01,-2.17,0.46,0.15,2.12,-5.21,6.56,-2.46,0.44,0.14,2.18,-1.42,3.79,-1.6,0.44,0.15,2.18,6.35,-0.69,-2.47,0.46,0.17,2.14,-1.91,2.79,-2.67,0.46,0.16,2.16,-2.49,1.71,-2.49,0.47,0.17,2.14,-0.34,8.21,-1.13,0.46,0.2,2.17,-4.61,3.11,-2.34,0.45,0.15,2.22,0.52,4.09,0.02,0.45,0.16,2.18,2.95,-0.37,-1.33,0.45,0.19,2.22,7.65,-4.08,0.29,0.45,0.21,2.12,15.08,-7.44,-0.05,0.45,0.15,2.12,10.99,7.73,-0.47,0.46,0.21,2.08,-3.8,4.18,-1.5,0.46,0.16,2.2,-2.17,1.4,-2.6,0.44,0.15,2.2,-4.08,-3.65,-1.04,0.45,0.17,2.17,-2.99,0.21,-0.67,0.45,0.16,2.12,3.97,1.11,-1.65,0.47,0.19,2.09,3.65,0.85,-0.61,0.45,0.17,2.13,-4.31,4.82,-1.91,0.45,0.16,2.25,-3.47,7.11,-1.08,0.45,0.19,2.13,-2.98,1.13,-2.49,0.46,0.2,2.19,-3.51,2.12,-3.04,0.45,0.17,2.14,-1.56,-7.19,-1.22,0.46,0.19,2.15,2.35,-0.27,0.73,0.46,0.16,2.11,-2.05,3.05,-1.25,0.45,0.12,2.17,-7.65,5.51,0.06,0.47,0.19,2.16,-4.05,0.05,-2.12,0.46,0.18,2.09,-6.9,3.94,-2.89,0.45,0.18,2.2,0.61,3.97,-0.29,0.43,0.14,2.22,3.59,-0.37,-0.75,0.46,0.22,2.13,1.11,1.34,-2.49,0.44,0.18,2.17,-5.8,-0.53,-0.11,0.47,0.16,2.13,-3.66,0.98,-2.23,0.46,0.16,2.16,4.34,2.08,0.67,0.47,0.17,2.14,-0.09,3.54,-0.29,0.46,0.15,2.15,1.63,0.2,-0.46,0.45,0.19,2.17,2.31,3.13,-3.22,0.44,0.19,2.19,2.15,2.95,-1.22,0.45,0.2,2.19,-0.81,0.17,-2.76,0.46,0.2,2.17,5.25,-0.31,-1.8,0.45,0.17,2.15,4.52,4.34,-2.21,0.45,0.17,2.09,-7.11,2.14,-3.02,0.46,0.18,2.22,-3.66,10.02,-2.5,0.45,0.17,2.13,0.02,-1.3,-0.96,0.44,0.19,2.18,6.85,0.32,-1.22,0.46,0.15,2.11,-3.59,0.08,-2.44,0.46,0.19,2.16,-3.37,4.44,-2.21,0.46,0.17,2.15,-0.69,5.91,-2.02,0.45,0.18,2.11,3.97,3.22,-0.95,0.45,0.18,2.16,3.69,3.77,-2.18,0.45,0.15,2.12,3.71,0.79,-0.96,0.46,0.19,2.14,1.08,5.05,-1.18,0.46,0.18,2.15,4.52,3.95,0.14,0.44,0.2,2.16,6.53,8.44,-1.91,0.45,0.18,2.19,0.44,2.85,-0.82,0.45,0.21,2.18,5.47,6.41,-2.95,0.44,0.2,2.18,5.89,0.14,-1.48,0.46,0.21,2.16,1.97,-1.08,-2.95,0.45,0.19,2.12,4.05,-0.92,-0.35,0
0.39,0.25,2.18,-2.85,0.98,1.6,0.39,0.23,2.13,1.1,-0.58,0.85,0.38,0.21,2.16,3.76,-1.37,-0.96,0.39,0.24,2.16,-4.17,1.1,-1.53,0.41,0.25,2.14,-2.56,1.25,0.35,0.39,0.24,2.17,-0.76,2.93,-1.25,0.39,0.24,2.19,-1.19,1.05,-0.99,0.39,0.25,2.21,1.85,-5.36,0.17,0.39,0.24,2.12,6.27,0.35,-1.95,0.39,0.25,2.15,1.36,-0.66,-2.03,0.41,0.29,2.14,5.27,2.29,-1.42,0.4,0.29,2.12,10.05,0.99,0.52,0.4,0.27,2.2,2.12,-1.15,-0.55,0.4,0.27,2.18,1.34,0.85,4.02,0.39,0.24,2.18,-4.29,-4.63,-0.52,0.4,0.24,2.13,7.77,-0.64,0.76,0.4,0.26,2.15,7.47,-2.18,-0.38,0.41,0.28,2.15,11.04,2.24,0.09,0.42,0.27,2.1,12.12,-4.12,3.27,0.41,0.26,2.13,15.76,2.15,2.6,0.4,0.25,2.14,0.75,5.85,0.34,0.4,0.31,2.13,8.41,0.79,1.22,0.4,0.3,2.11,15.42,3.34,1.79,0.4,0.33,2.15,13.48,3.07,2.38,0.41,0.34,2.1,10.23,0.44,5.31,0.4,0.31,2.15,-2.11,9.82,5.53,0.38,0.31,2.17,-1.16,10.09,5.53,0.37,0.27,2.18,5.25,1.33,5.71,0.37,0.27,2.15,0.2,5.74,4.15,0.37,0.26,2.18,-0.11,4.23,2.27,0.36,0.25,2.2,-4.27,1.92,-0.35,0.37,0.28,2.17,0.72,0.27,-1.42,0.36,0.27,2.15,3.37,1.56,-2.43,0.37,0.29,2.2,1.45,-0.61,-3.11,0.38,0.31,2.16,-1.44,-1.65,-3.4,0.39,0.3,2.11,-7.98,1.01,-4.02,0.4,0.32,2.19,-1.59,3.6,-3.02,0.38,0.29,2.12,1.45,1.24,-3.31,0.39,0.32,2.16,-2.35,4.5,-3.33,0.39,0.3,2.13,-2.08,2.21,-2.96,0.4,0.33,2.2,4.0,0.18,-1.13,0.4,0.29,2.08,-3.27,-3.79,-1.59,0.41,0.31,2.08,-1.1,4.5,-0.61,0.4,0.3,2.13,2.2,9.76,-1.95,0.4,0.31,2.15,1.62,5.79,-0.84,0.38,0.3,2.2,2.5,-0.53,0.35,0.38,0.3,2.2,4.4,5.6,-1.53,0.38,0.3,2.18,-0.08,1.07,-0.43,0.38,0.32,2.18,-4.12,1.04,-1.04,0.37,0.3,2.16,7.71,0.03,0.7,0.38,0.28,2.14,5.15,0.0,-0.26,0.38,0.3,2.17,-1.44,6.47,-1.42,0.37,0.27,2.17,-3.39,0.03,-2.14,0.38,0.29,2.16,0.58,0.53,-2.2,0.36,0.28,2.21,-0.61,0.29,-2.81,0.38,0.3,2.15,0.27,-1.27,-3.53,0.39,0.31,2.12,2.21,-2.2,-3.71,0.39,0.31,2.15,4.52,-1.3,-3.63,0.4,0.33,2.13,5.24,0.6,-2.78,0.41,0.32,2.1,2.06,2.11,-3.02,0.39,0.34,2.16,-1.1,1.4,-2.78,0.4,0.33,2.18,6.18,-0.78,-2.4,0.4,0.32,2.11,6.18,-4.34,-2.69,0.41,0.35,2.18,2.32,-1.3,-2.08,0.4,0.33,2.13,4.67,2.56,-1.37,0.4,0.33,2.13,-2.29,1.62,-3.19,0.39,0.33,2.19,2.73,2.73,-2.2,0.39,0.33,2.14,-4.05,-0.02,-2.26,0.39,0.33,2.17,-3.74,0.56,-1.62,0.39,0.31,2.14,3.4,-3.27,-2.61,0.4,0.32,2.12,-1.05,0.55,-3.42,0.4,0.35,2.17,-2.09,2.89,-3.28,0.4,0.36,2.15,3.02,-1.11,-2.4,0.41,0.35,2.13,2.4,-4.82,-0.61,0.4,0.34,2.15,4.49,0.49,-0.24,0
0.39,0.49,2.05,19.33,-13.19,-3.39,0.42,0.53,2.02,8.85,-10.47,-7.63,0.45,0.63,1.96,1.34,7.04,-7.98,0.44,0.6,2.14,5.8,4.63,-2.24,0.44,0.55,2.09,5.05,1.05,-2.12,0.42,0.54,2.08,9.4,1.94,-1.48,0.42,0.54,2.14,0.76,8.52,-3.44,0.39,0.52,2.17,-0.6,1.01,-4.09,0.4,0.56,2.06,1.16,-2.67,-4.84,0.41,0.57,2.09,6.99,1.15,-0.76,0.39,0.55,2.06,3.02,5.54,-1.45,0.39,0.54,2.08,-5.11,8.12,-3.36,0.38,0.56,2.11,-8.03,11.45,-3.54,0.39,0.55,2.13,-5.85,3.15,-2.96,0.4,0.54,2.05,-1.05,3.21,-3.36,0.39,0.53,2.08,4.73,8.29,-2.75,0.37,0.52,2.13,-0.18,2.9,-4.18,0.38,0.58,2.11,-3.63,2.26,-4.29,0.38,0.53,2.04,1.83,2.2,-2.72,0.38,0.54,2.06,-4.66,11.56,-6.18,0.39,0.57,2.06,-6.79,11.53,-4.02,0.37,0.53,2.15,-4.75,15.8,-5.42,0.38,0.59,2.22,-3.73,4.18,-3.68,0.4,0.57,2.13,4.7,-0.09,-0.66,0.4,0.53,2.06,5.24,-4.58,-1.59,0.39,0.54,2.06,-14.34,2.18,-3.91,0.41,0.57,2.06,-30.34,10.89,-4.61,0.37,0.57,2.13,-19.54,12.44,-1.69,0.37,0.57,2.21,-8.53,-0.75,0.15,0.37,0.51,2.14,7.25,-8.69,1.54,0.38,0.5,2.07,4.96,0.78,-1.54,0.4,0.53,2.01,-20.12,1.97,-5.24,0.38,0.54,2.13,-28.56,4.41,-2.6,0.37,0.41,2.06,-84.96,30.52,-11.39,0.39,0.54,2.05,-60.26,25.22,-5.88,0.4,0.44,2.2,-42.87,10.35,-6.73,0.43,0.34,2.29,-156.18,8.18,-18.37,0.35,0.38,1.97,-219.11,17.16,-30.73,0.34,0.37,2.19,-129.27,30.32,-8.46,0.32,0.31,2.32,-72.64,13.88,-4.82,0.33,0.3,2.26,-68.09,-3.42,-3.53,0.32,0.18,2.2,-114.08,9.39,-10.55,0.34,0.33,2.11,-92.84,16.31,5.63,0.31,0.15,2.17,-61.92,-1.13,-7.39,0.33,0.16,2.24,-27.02,5.25,-0.93,0.29,0.15,2.15,-57.27,-2.63,-4.95,0.38,0.14,2.08,-76.79,7.56,-13.5,0.31,0.11,2.18,-57.71,14.08,-7.18,0.32,0.13,2.3,-43.47,1.22,-4.73,0.31,0.09,2.16,-36.5,4.78,-2.82,0.32,0.08,2.19,-0.52,6.81,0.14,0.31,0.05,2.2,21.51,1.69,-0.08,0.3,0.0,2.17,-24.43,4.55,-4.11,0.32,0.12,2.13,-17.18,11.39,-2.02,0.31,0.06,2.24,-9.66,6.92,-3.19,0.31,0.03,2.15,-15.21,6.47,-1.66,0.29,0.03,2.25,-28.11,3.83,-2.29,0.3,0.04,2.16,-4.6,8.73,-2.93,0.3,0.04,2.17,8.11,2.64,-1.73,0.31,0.05,2.17,-23.42,13.33,-3.42,0.32,0.08,2.18,-38.92,9.22,-2.0,0.31,0.06,2.17,-30.87,10.14,0.18,0.29,0.01,2.28,-37.92,9.33,2.79,0.28,-0.05,2.19,-30.34,8.44,-0.11,0.28,-0.04,2.23,-1.22,1.79,0.08,0.27,-0.04,2.22,18.32,-2.58,-1.13,0.29,-0.0,2.16,-6.78,-2.0,-4.15,0.3,0.05,2.11,-7.45,5.88,-5.11,0.29,0.03,2.2,-6.37,9.85,0.75,0.28,-0.0,2.18,1.8,3.16,1.8,0.26,-0.03,2.27,6.75,0.89,1.42,0.28,-0.02,2.21,13.07,-3.01,-1.19,0.29,-0.01,2.18,19.04,-7.59,0.81,0.3,0.03,2.13,17.5,-1.18,0.11,0.29,0.0,2.17,10.23,-1.33,0.63,0
0.29,0.12,2.19,0.44,-2.18,-1.88,0.29,0.13,2.17,3.05,-0.93,-2.72,0.3,0.16,2.16,-0.03,2.05,-2.92,0.3,0.16,2.16,-5.15,6.0,-2.05,0.29,0.16,2.23,-9.13,0.24,-1.04,0.31,0.13,2.16,-1.54,1.21,0.72,0.28,0.08,2.19,2.76,2.34,-0.63,0.3,0.12,2.14,0.31,4.26,-2.43,0.29,0.15,2.17,-5.63,2.12,-3.01,0.29,0.17,2.2,-5.51,5.95,-1.45,0.28,0.15,2.22,-6.41,3.48,0.98,0.29,0.13,2.17,-5.19,0.05,0.98,0.28,0.09,2.14,-2.49,2.72,0.31,0.28,0.11,2.17,-4.15,5.89,-2.56,0.3,0.11,2.22,-1.97,0.89,-2.24,0.31,0.16,2.19,-1.76,6.21,-2.69,0.29,0.14,2.2,-5.31,3.91,-1.56,0.29,0.15,2.22,-3.24,0.98,0.49,0.3,0.11,2.17,-1.94,2.08,0.38,0.29,0.13,2.18,-1.56,4.18,-1.15,0.28,0.11,2.17,-4.7,5.85,-2.12,0.28,0.14,2.19,-2.92,6.75,-0.92,0.27,0.14,2.31,-0.69,-8.99,-0.66,0.28,0.12,2.15,8.21,-3.19,0.52,0.28,0.13,2.15,0.24,0.0,-0.73,0.28,0.14,2.21,-1.02,0.11,-0.55,0.28,0.13,2.13,-4.49,1.79,-0.31,0.28,0.12,2.17,-6.35,7.36,-0.32,0.26,0.11,2.24,-3.86,1.59,-0.37,0.27,0.11,2.18,0.67,2.67,-1.98,0.29,0.13,2.22,5.66,-3.4,-0.47,0.3,0.12,2.18,7.42,-3.15,-2.0,0.3,0.14,2.16,2.61,2.35,-0.58,0.29,0.13,2.2,-8.11,3.11,-0.87,0.29,0.13,2.21,-4.06,6.41,-0.9,0.29,0.13,2.26,-0.4,1.1,0.32,0.29,0.1,2.18,3.02,-4.56,-2.12,0.29,0.13,2.21,3.47,2.43,-2.43,0.29,0.16,2.18,-2.0,-0.2,-1.8,0.29,0.16,2.2,-0.34,2.79,-0.92,0.28,0.13,2.15,-7.89,1.42,0.32,0.27,0.12,2.17,-4.66,3.62,0.23,0.27,0.11,2.16,-4.6,3.07,-0.82,0.27,0.12,2.26,-0.46,5.69,-1.92,0.27,0.11,2.18,-0.58,-0.44,-0.58,0.28,0.14,2.17,2.55,0.89,-0.63,0.29,0.12,2.16,-2.76,6.24,-1.16,0.28,0.16,2.19,-7.13,7.68,-1.44,0.29,0.1,2.2,-4.08,3.79,-0.02,0.29,0.12,2.19,-1.57,8.35,-1.05,0.28,0.09,2.2,-1.07,3.97,-1.28,0.29,0.12,2.21,-1.51,2.2,-3.28,0.28,0.11,2.2,2.58,-4.41,-1.98,0.28,0.14,2.17,0.69,2.7,-3.34,0.29,0.14,2.19,-1.37,4.47,-1.66,0.28,0.14,2.2,-4.27,-0.2,-1.65,0.27,0.13,2.2,0.9,0.66,-1.69,0.27,0.1,2.15,-0.78,-0.09,-0.29,0.26,0.09,2.18,-3.57,5.68,-2.27,0.26,0.14,2.25,-5.22,-0.12,-1.86,0.28,0.13,2.17,1.88,1.94,-0.76,0.28,0.13,2.15,-2.0,4.34,-1.86,0.28,0.15,2.18,-3.76,7.19,-1.63,0.27,0.12,2.18,-6.26,4.7,-1.07,0.27,0.11,2.2,-1.33,5.48,0.05,0.27,0.13,2.22,0.4,-1.73,-1.86,0.27,0.13,2.18,4.6,1.18,-0.81,0.28,0.13,2.18,0.98,1.15,-1.13,0.27,0.13,2.16,-2.05,-1.25,-1.56,0.27,0.13,2.17,-1.94,3.85,-1.53,0.27,0.14,2.2,-6.37,3.89,-1.28,0.28,0.15,2.2,0.82,-0.52,1.15,0.27,0.1,2.15,1.95,1.48,-0.44,0.26,0.13,2.18,-3.05,2.96,-0.63,0.27,0.13,2.2,-0.79,5.13,0.47,0
0.19,0.04,2.21,1.54,-3.34,-1.98,0.18,0.03,2.17,1.82,-0.49,-3.05,0.2,0.08,2.22,0.67,-1.6,-1.34,0.19,0.04,2.17,2.32,0.66,-2.02,0.2,0.06,2.19,-2.02,3.05,-2.35,0.2,0.07,2.19,-6.93,1.04,-1.86,0.19,0.08,2.23,-1.91,3.6,-2.14,0.2,0.07,2.23,2.47,-1.95,-0.81,0.2,0.04,2.19,-0.15,-2.95,-1.13,0.2,0.05,2.18,-1.4,0.37,-1.34,0.2,0.02,2.14,-4.64,2.27,-1.66,0.2,0.05,2.19,-7.01,6.26,-3.24,0.2,0.06,2.25,-5.62,3.4,-2.46,0.2,0.07,2.21,3.69,0.52,-1.47,0.19,0.06,2.2,2.66,-3.95,-1.62,0.21,0.06,2.16,-0.56,3.71,-1.85,0.2,0.04,2.22,-2.12,5.69,-1.3,0.18,0.04,2.2,-3.01,-3.13,-1.08,0.19,0.05,2.18,-0.95,1.79,-1.48,0.19,0.06,2.21,-1.33,-0.61,-1.6,0.2,0.05,2.15,-0.58,2.81,-1.79,0.2,0.05,2.19,-4.47,7.18,-2.78,0.19,0.05,2.22,-7.69,2.99,-3.16,0.2,0.07,2.17,-3.18,3.54,-1.94,0.21,0.07,2.22,0.55,2.44,-1.36,0.2,0.04,2.2,3.19,1.48,-0.55,0.19,0.04,2.18,0.37,-2.31,-0.64,0.2,0.04,2.18,-4.31,2.21,-2.9,0.19,0.06,2.22,-5.95,3.51,-1.51,0.19,0.06,2.2,-2.75,-1.19,-1.77,0.19,0.07,2.2,2.29,4.29,-1.16,0.19,0.06,2.25,1.53,-3.4,-0.89,0.2,0.04,2.15,4.05,-2.81,-0.05,0.2,0.04,2.15,0.15,3.37,-1.28,0.19,0.03,2.18,-4.58,3.97,-2.27,0.19,0.06,2.2,-8.17,7.98,-3.16,0.2,0.08,2.25,-5.65,2.49,-0.46,0.2,0.05,2.23,-1.39,-0.43,-0.18,0.19,0.03,2.16,-1.28,2.27,-0.98,0.19,0.04,2.2,-0.49,3.69,-1.88,0.2,0.05,2.19,1.76,2.0,-1.27,0.21,0.06,2.19,0.55,4.05,-1.82,0.18,0.08,2.18,-3.44,2.14,0.0,0.18,-0.14,2.29,20.98,19.59,5.28,0.19,0.07,2.13,-3.57,2.17,-3.77,0.19,0.07,2.22,-0.66,-0.6,-1.07,0.29,-0.02,2.11,-2.49,6.43,-13.48,0.17,0.05,2.09,1.8,-8.78,5.76,0.21,0.08,2.45,-10.29,7.92,-4.12,0.18,0.06,2.2,-5.98,3.07,-3.07,0.18,0.01,2.2,-9.36,2.32,-7.18,0.19,0.07,2.22,-2.79,0.84,-0.76,0.19,0.04,2.17,-3.11,5.62,-2.87,0.18,0.05,2.22,-3.6,9.21,-1.98,0.18,0.06,2.22,-1.82,2.98,-1.82,0.17,0.04,2.23,0.23,1.31,-1.15,0.17,0.05,2.22,-0.78,-2.18,-2.32,0.18,0.05,2.16,-2.11,2.35,-1.82,0.18,0.04,2.22,-5.79,6.75,-1.1,0.18,0.04,2.2,-4.38,2.11,-0.5,0.18,0.02,2.17,-2.95,5.18,-2.21,0.18,0.03,2.19,-3.18,5.11,-1.5,0.17,0.06,2.21,-4.32,7.73,-1.86,0.17,0.03,2.19,-2.27,3.88,-0.34,0.17,0.02,2.17,-4.21,8.69,-2.73,0.16,0.03,2.19,-7.45,11.8,-4.75,0.17,0.07,2.2,-8.41,11.63,-3.54,0.18,0.05,2.28,-1.01,6.18,-0.52,0.17,0.03,2.23,-0.55,1.28,-0.24,0.16,-0.0,2.15,-1.18,-0.02,-0.72,0.15,0.01,2.2,-2.17,2.43,-2.4,0.15,0.03,2.22,-2.55,0.35,-2.69,0.16,0.06,2.16,1.66,1.53,-2.24,0.17,0.05,2.22,-3.37,2.24,-2.61,0.17,0.06,2.2,-3.92,2.26,0.18,0
0.18,0.03,2.11,-8.03,3.33,1.1,0.16,-0.05,2.16,-16.72,9.63,-0.37,0.15,-0.04,2.24,-13.71,12.31,-2.15,0.14,-0.01,2.34,-0.69,2.34,-2.6,0.16,0.01,2.23,9.74,-8.52,-0.32,0.17,0.02,2.18,12.99,-6.02,-2.03,0.16,0.07,2.18,4.11,-1.82,-2.38,0.17,0.08,2.16,-1.76,-1.71,-1.4,0.15,0.08,2.17,-5.68,2.78,1.6,0.14,-0.0,2.16,-8.43,5.77,2.49,0.12,-0.03,2.24,-12.64,7.13,1.33,0.11,-0.08,2.21,-7.21,7.1,-0.7,0.14,-0.03,2.23,-2.87,-3.76,-3.62,0.17,0.01,2.18,3.37,-0.12,-3.11,0.18,0.05,2.19,-3.66,3.05,-4.14,0.18,0.07,2.18,-2.17,4.64,-0.56,0.18,0.05,2.17,-0.67,6.41,-0.15,0.17,0.04,2.2,-6.46,7.91,-1.24,0.15,0.0,2.26,-4.76,2.5,0.32,0.14,-0.05,2.21,0.52,2.63,-0.58,0.14,-0.01,2.18,-4.02,2.46,-2.0,0.12,-0.02,2.19,-0.11,-2.29,-1.15,0.13,0.03,2.21,1.39,-0.15,-2.84,0.13,0.04,2.22,2.32,0.96,-1.91,0.14,0.03,2.18,-1.53,3.27,-1.68,0.14,0.0,2.19,-0.58,1.1,-0.7,0.14,-0.01,2.16,-6.76,8.21,-4.0,0.13,-0.1,2.09,-9.15,-5.13,-14.61,0.18,0.02,2.43,-20.63,12.2,-2.73,0.18,0.05,2.18,-17.92,7.5,-10.02,0.12,-0.13,2.19,-10.09,-2.9,-9.63,0.14,0.03,2.24,1.56,-2.24,-0.15,0.13,-0.06,2.15,1.68,2.4,-3.31,0.13,0.01,2.19,-2.18,5.82,-4.66,0.13,0.02,2.23,1.71,4.46,-2.05,0.15,0.02,2.16,0.72,-0.98,-2.14,0.14,0.02,2.24,-5.15,3.13,-2.44,0.13,-0.02,2.2,-4.17,4.92,-1.73,0.12,-0.03,2.23,1.18,2.24,-1.15,0.13,-0.06,2.16,2.98,-0.29,-1.89,0.13,0.0,2.19,-1.28,3.65,-5.54,0.13,0.03,2.19,-1.94,4.37,-1.88,0.13,0.02,2.23,-3.36,4.27,0.26,0.13,0.02,2.19,-1.01,3.94,0.43,0.12,-0.01,2.16,-5.34,9.02,-0.43,0.12,-0.01,2.2,-6.67,8.06,0.03,0.13,-0.03,2.21,-3.45,8.67,-0.27,0.12,-0.02,2.25,-3.37,5.62,-1.44,0.12,-0.01,2.22,-0.72,-2.95,-1.91,0.13,-0.0,2.19,2.02,-2.05,-1.69,0.13,0.0,2.19,0.53,1.74,-1.6,0.13,-0.0,2.17,-1.25,1.59,-1.42,0.13,-0.0,2.22,-2.61,3.01,-1.5,0.12,-0.0,2.21,0.15,2.99,-1.45,0.12,0.01,2.27,4.24,-3.11,0.24,0.12,-0.03,2.14,6.26,0.49,-0.6,0.12,-0.01,2.23,1.04,0.66,-1.63,0.11,-0.01,2.18,0.0,-3.08,-1.79,0.13,-0.02,2.13,-1.85,2.17,-3.15,0.13,-0.01,2.22,-5.65,8.46,-3.62,0.13,-0.01,2.23,-0.61,-2.53,-2.99,0.14,0.04,2.23,-1.68,-0.87,-3.27,0.14,0.03,2.28,2.92,-1.01,-2.89,0.15,0.01,2.18,6.08,-2.03,-1.34,0.14,-0.0,2.15,1.77,-2.5,-2.15,0.12,0.03,2.16,-4.23,5.11,-1.28,0.1,0.02,2.26,-4.09,4.17,0.87,0.12,0.0,2.2,-2.58,-1.79,2.11,0.12,-0.0,2.24,-0.72,-1.68,0.41,0.11,-0.04,2.2,4.79,-1.85,0.37,0.13,-0.01,2.16,2.21,0.9,-1.8,0.13,0.01,2.21,-1.07,1.07,-1.88,0.14,0.04,2.2,-4.73,-0.49,-1.71,0.14,0.04,2.18,-5.54,3.83,0.23,0.12,-0.01,2.23,-8.03,3.85,1.08,0
0.1,-0.07,2.17,1.97,2.02,-2.26,0.1,-0.08,2.17,-0.6,0.08,-1.95,0.1,-0.07,2.17,-5.73,5.94,-1.73,0.09,-0.06,2.21,-6.12,5.31,-1.08,0.08,-0.09,2.18,-0.37,4.64,0.23,0.08,-0.08,2.29,-1.05,-2.12,-1.95,0.09,-0.08,2.18,5.19,1.42,0.61,0.08,-0.08,2.17,-1.53,-4.0,-1.5,0.08,-0.08,2.19,1.28,0.55,-1.69,0.09,-0.05,2.17,-2.26,3.22,-1.94,0.08,-0.05,2.19,-7.6,5.4,-2.05,0.08,-0.06,2.22,-7.18,5.16,-1.22,0.09,-0.08,2.19,-4.23,-1.25,0.64,0.08,-0.08,2.19,-1.01,4.56,-1.42,0.07,-0.09,2.23,-0.15,3.37,-1.15,0.08,-0.09,2.2,1.83,-2.2,-0.37,0.09,-0.08,2.19,-1.27,2.31,-2.37,0.08,-0.08,2.18,-3.45,3.53,-1.92,0.08,-0.06,2.21,-3.28,2.47,-1.37,0.09,-0.07,2.23,-3.08,2.81,-2.11,0.08,-0.08,2.18,-4.21,0.47,-2.11,0.09,-0.07,2.2,-4.6,0.66,-2.31,0.1,-0.09,2.2,-0.72,0.82,-0.66,0.09,-0.09,2.19,-1.98,0.55,-1.8,0.08,-0.09,2.17,-2.32,0.9,-2.03,0.08,-0.06,2.23,1.6,1.97,-0.85,0.08,-0.08,2.18,1.6,-1.16,-1.47,0.08,-0.1,2.17,-5.02,1.36,-2.75,0.09,-0.07,2.18,-5.28,5.6,-1.92,0.09,-0.08,2.2,-10.27,4.53,-2.49,0.09,-0.07,2.2,-5.69,4.87,-1.44,0.09,-0.08,2.22,-6.72,4.63,-1.21,0.07,-0.09,2.22,2.63,1.11,0.89,0.08,-0.11,2.2,3.07,-0.03,-1.25,0.07,-0.1,2.19,2.66,0.08,-2.76,0.09,-0.08,2.16,-1.33,2.05,-2.14,0.08,-0.07,2.2,-6.14,4.5,-2.37,0.08,-0.06,2.24,-5.89,2.37,-2.02,0.09,-0.07,2.2,-2.2,0.7,-0.12,0.07,-0.1,2.21,-2.12,2.6,-0.78,0.08,-0.1,2.18,-1.86,-1.31,-0.93,0.08,-0.11,2.21,0.2,2.43,-1.3,0.08,-0.09,2.19,-0.21,1.86,-1.3,0.09,-0.08,2.21,-0.23,1.48,-1.97,0.09,-0.08,2.18,-2.2,0.14,-1.08,0.08,-0.07,2.18,-5.25,4.47,-2.7,0.08,-0.07,2.23,-3.59,1.97,-0.6,0.09,-0.09,2.19,-4.99,3.08,-0.78,0.08,-0.09,2.21,-6.63,3.71,-1.69,0.06,-0.1,2.24,-1.33,4.49,-1.22,0.07,-0.09,2.2,1.3,-3.07,-1.07,0.07,-0.1,2.18,1.24,1.01,-1.53,0.07,-0.1,2.22,-2.2,-0.53,-1.95,0.08,-0.1,2.14,0.52,1.22,-1.13,0.08,-0.09,2.19,-4.34,6.21,-3.28,0.08,-0.08,2.21,-1.68,-0.9,-1.88,0.08,-0.09,2.2,0.66,0.92,-1.1,0.08,-0.09,2.19,1.94,-1.95,-0.6,0.09,-0.09,2.16,-1.91,0.63,-2.52,0.08,-0.09,2.17,-3.08,4.43,-1.4,0.08,-0.08,2.18,-4.78,3.54,-1.88,0.08,-0.09,2.22,-0.75,2.96,-0.2,0.08,-0.09,2.21,-0.44,3.62,-1.65,0.08,-0.1,2.22,2.89,4.11,-1.11,0.08,-0.08,2.22,0.38,-2.67,-1.79,0.08,-0.09,2.18,0.34,0.9,-0.23,0.08,-0.08,2.2,-0.72,2.37,-0.26,0.07,-0.12,2.18,-4.06,3.19,-1.04,0.07,-0.11,2.21,-4.23,3.91,-2.11,0.06,-0.1,2.21,-3.04,2.58,-3.13,0.08,-0.08,2.18,-3.15,3.08,-3.59,0.09,-0.05,2.2,-2.6,2.17,-1.71,0.05,-0.13,2.14,4.9,8.92,1.89,0.08,-0.1,2.19,-5.02,-2.69,-0.09,0.06,-0.17,2.21,-2.4,3.79,-1.4,0
0.04,-0.13,2.19,-7.24,4.05,-1.86,0.05,-0.11,2.23,-10.5,8.93,-4.7,0.05,-0.11,2.21,-3.94,-1.6,-0.96,0.06,-0.1,2.2,-1.82,5.13,-1.89,0.07,-0.1,2.21,1.69,1.07,0.34,0.07,-0.1,2.17,0.02,2.82,-0.12,0.06,-0.14,2.18,-6.23,5.47,0.24,0.06,-0.12,2.18,-14.03,7.62,-1.33,0.06,-0.13,2.21,-9.31,4.95,-0.03,0.06,-0.14,2.24,-5.01,3.3,-1.65,0.07,-0.14,2.15,-3.13,1.36,-1.21,0.07,-0.12,2.22,-2.9,2.34,-3.25,0.07,-0.11,2.22,-0.89,3.45,-2.55,0.08,-0.11,2.2,-1.91,-3.13,-0.69,0.07,-0.11,2.19,-1.1,3.44,-0.23,0.07,-0.15,2.17,-4.64,-0.58,-0.58,0.06,-0.13,2.21,-10.17,1.89,-3.05,0.04,-0.19,2.2,-7.18,3.86,-2.41,0.07,-0.13,2.16,-4.43,1.08,-3.94,0.06,-0.12,2.19,1.13,-1.62,-1.16,0.06,-0.13,2.17,-0.08,0.08,-1.04,0.06,-0.13,2.21,0.78,2.23,-0.9,0.06,-0.12,2.16,-0.23,4.49,-1.37,0.05,-0.11,2.25,-3.79,1.74,-2.89,0.06,-0.1,2.2,-0.29,1.37,-1.24,0.06,-0.13,2.19,-0.81,0.05,-0.56,0.06,-0.14,2.16,-2.31,0.84,-0.75,0.06,-0.15,2.17,-6.7,3.39,-1.53,0.06,-0.14,2.15,-9.39,5.28,-2.66,0.15,0.01,2.02,-19.24,9.28,4.53,0.03,-0.27,2.38,-30.52,-10.72,-4.35,0.08,-0.09,2.14,3.15,10.81,1.48,0.05,-0.14,2.21,-0.41,-0.31,-0.02,0.06,-0.13,2.15,-0.37,1.62,-0.03,0.04,-0.14,2.24,-3.5,5.05,-0.35,0.05,-0.13,2.17,-1.53,-0.02,0.43,0.05,-0.14,2.17,-3.62,4.35,-0.89,0.06,-0.13,2.21,-0.24,1.22,0.84,0.06,-0.11,2.25,-4.32,0.2,-2.26,0.05,-0.15,2.18,-0.79,2.06,0.49,0.05,-0.13,2.19,0.37,1.36,0.73,0.05,-0.15,2.18,-3.08,0.69,-0.23,0.04,-0.16,2.17,-4.5,5.13,-1.36,0.05,-0.16,2.22,-4.09,4.23,-0.32,0.04,-0.13,2.22,0.11,2.81,-0.75,0.05,-0.12,2.18,-0.34,-0.11,-0.35,0.06,-0.12,2.2,-2.67,1.62,-0.05,0.05,-0.14,2.23,-1.54,2.72,0.24,0.06,-0.14,2.17,-1.33,-1.11,-0.5,0.05,-0.15,2.17,-3.65,3.18,-1.22,0.05,-0.14,2.2,-3.13,1.56,-0.64,0.05,-0.14,2.24,2.52,0.2,-0.49,0.06,-0.14,2.19,-1.13,-2.78,-1.6,0.06,-0.13,2.19,-1.15,-1.53,-0.81,0.06,-0.14,2.15,-4.14,3.02,-1.18,0.05,-0.13,2.21,-2.15,2.05,0.06,0.04,-0.17,2.16,-2.11,3.22,0.18,0.04,-0.14,2.23,-5.51,2.32,-0.75,0.05,-0.14,2.21,1.04,0.66,-0.66,0.06,-0.16,2.16,-2.26,1.71,-0.78,0.06,-0.15,2.19,-4.4,4.9,-1.37,0.06,-0.13,2.22,-5.76,1.59,-0.72,0.06,-0.13,2.21,-1.1,3.95,-0.24,0.06,-0.15,2.17,-1.11,0.21,-0.66,0.05,-0.17,2.19,0.85,0.82,-1.79,0.05,-0.13,2.25,0.53,1.45,-2.98,0.06,-0.14,2.18,2.7,-1.4,-2.41,0.05,-0.12,2.23,1.21,-0.23,-2.24,0.06,-0.12,2.18,0.81,-3.63,-0.79,0.06,-0.14,2.16,-2.46,3.21,-1.51,0.05,-0.15,2.21,-3.05,-2.0,-0.14,0.05,-0.17,2.14,-3.76,1.74,-2.81,0.06,-0.15,2.23,-5.31,4.93,-4.11,0.06,-0.13,2.21,-3.16,2.85,-2.67,0.06,-0.1,2.21,-0.46,1.51,-0.81,0
-0.0,-0.24,2.19,-4.31,6.31,-2.89,0.01,-0.21,2.16,-3.04,1.86,-1.91,0.0,-0.21,2.22,-0.2,0.95,-0.82,0.0,-0.2,2.16,-1.89,0.85,-0.5,-0.0,-0.22,2.2,-3.77,6.12,-0.9,0.0,-0.22,2.16,-4.49,4.67,-0.11,-0.01,-0.24,2.16,-10.21,7.15,-1.89,-0.02,-0.22,2.23,-3.5,4.05,-0.89,0.0,-0.23,2.2,1.42,-0.95,-0.31,0.01,-0.22,2.18,-1.07,1.8,-0.56,0.0,-0.22,2.19,-1.8,2.75,-0.38,0.0,-0.24,2.16,-1.94,1.19,-0.84,-0.0,-0.24,2.18,-1.57,3.94,-0.32,-0.0,-0.22,2.19,-3.44,2.02,-1.74,-0.01,-0.22,2.2,-1.22,1.15,-1.91,-0.01,-0.22,2.18,-0.6,-1.22,-1.68,-0.01,-0.23,2.19,-0.76,1.3,-1.97,-0.01,-0.23,2.2,0.12,-2.49,-1.21,0.0,-0.23,2.13,-3.42,1.86,-1.85,-0.0,-0.22,2.2,-5.34,4.09,-1.66,0.0,-0.22,2.18,-6.08,4.41,-0.6,-0.0,-0.21,2.21,-4.37,6.41,-0.11,-0.0,-0.23,2.2,-2.24,3.45,0.41,-0.01,-0.23,2.19,0.27,0.21,-0.84,-0.01,-0.23,2.18,0.79,-0.92,0.18,-0.0,-0.25,2.18,-2.76,1.51,-0.85,-0.01,-0.24,2.18,-4.0,5.19,-1.04,-0.0,-0.23,2.19,-2.72,2.63,-0.73,-0.0,-0.23,2.2,-1.89,5.68,-0.76,-0.01,-0.22,2.23,1.57,-0.24,-0.29,-0.0,-0.23,2.17,3.94,-1.77,-0.31,-0.01,-0.25,2.19,1.4,0.53,-1.22,-0.0,-0.21,2.17,0.44,-1.13,-1.21,-0.01,-0.23,2.16,-0.49,4.0,-0.96,-0.02,-0.22,2.21,-2.0,1.51,-0.89,-0.0,-0.22,2.18,-1.13,3.15,-0.95,-0.01,-0.24,2.21,2.2,-1.73,0.41,-0.01,-0.24,2.16,3.36,-0.61,-0.81,0.01,-0.24,2.14,-3.3,-0.02,-2.08,-0.01,-0.22,2.2,-4.32,5.39,-1.86,-0.01,-0.23,2.21,-1.89,4.26,-0.85,0.0,-0.22,2.18,-0.09,0.82,-0.4,-0.0,-0.22,2.18,-1.08,1.94,-0.95,0.0,-0.22,2.17,-1.73,3.85,-0.24,-0.01,-0.24,2.19,-2.43,3.34,0.21,-0.02,-0.23,2.2,1.34,1.51,-0.23,-0.02,-0.2,2.18,-0.93,-2.18,-2.29,-0.01,-0.26,2.16,4.08,0.61,0.11,0.0,-0.22,2.12,-6.17,3.88,-2.53,-0.0,-0.22,2.19,-8.11,7.07,-1.82,0.0,-0.2,2.21,-6.34,3.39,-1.1,-0.01,-0.25,2.23,0.29,2.66,-0.29,-0.01,-0.23,2.21,2.02,-2.63,-1.21,-0.02,-0.26,2.13,6.43,1.22,-0.17,-0.0,-0.2,2.15,1.69,-1.62,-0.03,-0.02,-0.23,2.15,-1.33,0.31,-2.72,-0.02,-0.21,2.17,-1.77,0.53,-1.73,-0.01,-0.23,2.18,-1.59,3.94,-1.94,-0.01,-0.21,2.2,-1.28,0.82,-1.02,-0.0,-0.22,2.17,-0.61,2.37,-0.98,-0.01,-0.22,2.2,-3.13,0.69,-1.21,0.0,-0.21,2.17,-1.48,3.19,-1.6,0.0,-0.22,2.21,0.44,-1.24,-0.47,0.0,-0.2,2.15,-2.99,3.18,-0.92,-0.02,-0.24,2.19,0.6,2.53,-0.15,-0.02,-0.25,2.15,-1.08,3.18,-0.55,-0.01,-0.17,2.22,32.96,13.5,6.66,-0.0,-0.19,2.31,2.52,12.9,-1.3,0.01,-0.19,2.17,0.35,3.97,-1.28,-0.01,-0.22,2.19,-1.56,3.18,-0.95,0.0,-0.21,2.18,-5.07,4.89,-2.15,-0.01,-0.23,2.19,-3.19,2.66,-0.44,-0.01,-0.2,2.2,-3.59,-1.6,-0.81,-0.02,-0.24,2.15,1.18,-1.83,-0.2,-0.0,-0.23,2.21,0.11,-1.08,-1.51,0
-0.01,-0.19,2.11,-10.14,4.99,-2.15,-0.01,-0.14,2.24,-14.06,6.64,-3.85,-0.01,-0.15,2.16,-8.75,3.27,0.11,-0.0,-0.15,2.19,-10.87,5.77,2.2,-0.03,-0.21,2.19,-10.27,7.15,3.63,-0.03,-0.23,2.22,-9.4,7.6,2.44,-0.02,-0.26,2.18,-14.67,4.67,1.36,-0.01,-0.22,2.19,-15.86,9.25,0.47,-0.0,-0.2,2.2,-9.19,8.56,2.41,-0.0,-0.22,2.2,-8.0,8.89,0.67,-0.0,-0.21,2.19,-7.31,0.69,0.75,-0.01,-0.2,2.26,3.66,1.65,0.75,-0.01,-0.19,2.19,5.5,-3.1,0.27,-0.02,-0.25,2.16,6.37,-2.35,0.73,-0.01,-0.25,2.12,-1.07,2.02,-2.0,-0.01,-0.22,2.15,-7.76,4.92,-2.34,-0.01,-0.2,2.16,-7.65,8.99,-2.4,-0.03,-0.21,2.22,-5.76,6.52,-1.76,-0.03,-0.2,2.23,-9.57,1.27,-2.63,-0.02,-0.19,2.18,-4.06,0.32,-0.47,-0.03,-0.22,2.21,-4.53,1.01,-1.11,-0.02,-0.25,2.16,-9.13,2.4,-2.11,-0.03,-0.29,2.17,-12.26,7.59,-3.88,-0.03,-0.21,2.21,-6.17,5.88,-2.15,-0.01,-0.2,2.18,-3.3,1.33,-2.21,-0.02,-0.18,2.21,0.24,-0.4,-0.87,-0.02,-0.22,2.15,0.96,-1.65,0.5,-0.02,-0.25,2.18,0.93,5.76,-1.18,-0.02,-0.26,2.16,-5.39,4.5,-2.4,-0.02,-0.25,2.19,-0.93,1.33,-2.41,-0.02,-0.23,2.2,1.89,-0.35,-2.7,-0.02,-0.22,2.2,7.95,4.47,-0.9,-0.02,-0.21,2.2,5.13,-6.47,-1.44,-0.02,-0.2,2.14,1.86,3.13,-1.65,-0.01,-0.19,2.15,-7.39,4.14,-1.92,-0.05,-0.24,2.19,-5.62,5.01,1.36,-0.03,-0.19,2.16,-10.43,5.22,-1.47,-0.03,-0.22,2.21,-3.98,0.43,1.15,-0.03,-0.23,2.28,4.61,-8.92,-1.51,-0.02,-0.26,2.13,9.91,-1.31,-0.08,-0.02,-0.22,2.15,-1.92,1.95,-1.6,-0.01,-0.21,2.14,-7.48,5.76,-0.75,-0.02,-0.22,2.19,-10.18,8.26,-1.15,-0.04,-0.24,2.27,-12.38,6.26,-1.6,-0.03,-0.21,2.22,0.26,-0.35,-0.27,-0.02,-0.25,2.15,4.9,-3.3,-1.19,-0.02,-0.22,2.19,2.82,2.96,-1.85,-0.02,-0.23,2.16,0.24,-2.02,-2.11,-0.03,-0.21,2.16,2.24,2.99,-1.42,-0.02,-0.2,2.21,-1.63,3.94,-0.67,-0.02,-0.22,2.19,-0.18,4.05,0.66,-0.02,-0.23,2.22,-6.18,2.52,-1.04,-0.02,-0.25,2.18,-1.6,-0.09,-0.06,-0.02,-0.27,2.14,-3.63,2.7,-3.13,-0.03,-0.23,2.21,-1.47,5.21,-2.47,-0.02,-0.22,2.17,1.85,-1.66,-0.63,-0.01,-0.22,2.18,-2.95,1.34,-1.73,-0.03,-0.23,2.15,-5.59,3.89,-1.3,-0.02,-0.22,2.19,-5.37,1.8,-0.23,-0.0,-0.25,2.16,-6.93,4.61,-0.76,-0.03,-0.31,2.15,-4.64,11.36,-1.39,-0.03,-0.19,2.1,-4.69,2.11,0.4,-0.02,-0.18,2.23,-6.89,-1.24,0.41,-0.02,-0.25,2.21,8.35,5.59,0.61,-0.03,-0.23,2.17,-5.01,-1.8,-1.39,-0.04,-0.23,2.15,0.09,0.55,4.03,-0.04,-0.23,2.22,-9.68,-3.15,-2.66,-0.03,-0.28,2.14,-3.54,4.76,-1.51,-0.02,-0.22,2.19,-7.91,2.89,-1.68,-0.03,-0.22,2.19,-2.81,3.47,-0.53,-0.02,-0.21,2.21,-2.38,1.6,-0.93,-0.03,-0.25,2.17,3.18,0.44,1.8,-0.04,-0.25,2.17,-3.89,2.99,-2.63,-0.03,-0.23,2.2,1.83,0.92,-0.75,-0.03,-0.23,2.13,-2.98,4.79,-3.22,0
0.03,-0.16,2.2,1.16,2.09,-4.05,0.01,-0.18,2.33,21.45,-12.43,1.05,0.14,0.15,2.46,56.82,-31.91,4.2,0.05,-0.12,2.18,95.95,-54.35,29.01,0.04,-0.28,2.1,68.15,-22.93,3.3,0.06,-0.2,2.15,57.56,-30.49,7.79,0.06,-0.21,2.12,90.31,-8.99,9.91,0.01,0.01,2.03,77.3,-25.54,6.93,0.11,-0.01,2.04,102.67,-12.37,2.35,0.11,0.06,2.27,68.93,-29.89,-1.59,0.13,0.09,2.19,101.8,-48.34,14.67,0.16,0.02,2.11,71.71,-30.99,9.11,0.14,-0.02,2.03,32.05,-23.28,2.21,0.16,0.02,1.99,19.21,13.34,0.15,0.15,0.08,2.01,-7.6,9.18,-2.58,0.15,0.1,2.16,-20.31,12.44,-1.11,0.14,0.09,2.18,-31.47,19.48,1.05,0.15,0.14,2.3,-12.75,1.33,-2.18,0.15,0.05,2.18,-0.72,-2.66,-0.06,0.15,0.06,2.17,-2.96,2.56,-0.93,0.15,0.03,2.13,-5.01,7.02,-3.04,0.13,0.08,2.24,-4.23,4.82,-2.21,0.14,0.12,2.22,-1.34,0.23,1.69,-0.13,0.21,2.04,-54.9,-25.11,-7.53,0.09,-0.18,2.44,3.6,-15.91,1.37,0.16,0.08,2.09,2.37,9.13,-0.18,0.13,0.05,2.24,-4.95,4.55,1.3,0.14,0.05,2.16,-16.64,1.83,-1.73,0.14,0.07,2.16,-13.18,10.34,-0.81,0.22,-0.02,2.06,-25.57,18.08,-7.53,0.15,0.12,2.18,-20.23,13.92,-5.08,0.13,0.08,2.31,-9.48,12.67,-0.95,0.12,0.04,2.21,-7.3,6.06,-0.11,0.11,0.01,2.21,-8.31,3.91,-1.98,0.11,0.01,2.21,-5.02,4.47,-2.84,0.12,0.05,2.2,-6.03,3.91,-4.56,0.12,0.05,2.18,-10.02,1.53,-3.39,0.12,0.06,2.22,-2.38,5.73,-1.77,0.12,0.04,2.19,0.69,1.65,0.26,0.12,0.01,2.19,0.73,1.51,-0.49,0.11,-0.02,2.17,-2.52,1.13,-2.64,0.12,0.02,2.18,-2.87,1.65,-3.31,0.12,0.02,2.23,-4.0,5.54,-4.08,0.11,0.07,2.25,-0.69,-5.88,-2.11,0.13,0.04,2.15,4.29,2.98,-0.78,0.12,0.06,2.18,-2.72,2.72,-0.14,0.11,0.04,2.19,-4.96,7.51,-1.07,0.11,0.04,2.24,-5.69,5.18,-0.44,0.11,0.0,2.2,-4.0,0.2,-0.75,0.1,0.02,2.22,0.58,0.05,-1.68,0.1,0.01,2.19,5.15,-0.81,-3.07,0.11,0.04,2.2,1.79,0.89,-2.58,0.13,0.06,2.22,5.1,3.11,-0.7,0.12,0.04,2.23,9.19,-5.76,0.99,0.12,0.02,2.14,2.18,0.05,-1.27,0.11,0.04,2.18,-4.06,5.28,-1.62,0.11,0.05,2.23,-2.08,4.73,-0.82,0.11,0.04,2.26,-0.31,0.43,-1.21,0.12,0.03,2.18,0.98,0.49,-0.47,0.12,0.03,2.21,-1.95,1.66,-1.39,0.11,0.05,2.2,0.87,0.44,-1.62,0.1,0.03,2.19,4.75,1.13,-1.3,0.11,0.05,2.2,-0.17,2.29,-1.18,0.11,0.04,2.22,-2.78,5.08,-2.69,0.11,0.03,2.21,-5.88,3.13,-3.24,0.11,0.02,2.2,-2.76,0.81,-1.98,0.12,0.05,2.2,4.31,-0.5,0.7,0.11,0.04,2.2,1.08,1.77,-0.23,0.12,0.05,2.18,1.89,2.75,0.53,0.11,0.03,2.18,1.33,2.72,-0.96,0.11,0.07,2.21,1.48,5.6,-1.42,0.11,0.04,2.22,4.64,-1.98,0.11,0.12,0.06,2.19,-3.31,-0.61,-1.98,0.11,0.04,2.18,-4.76,2.02,-0.31,0.11,0.05,2.22,-5.21,-1.71,-0.06,0
0.1,-0.0,2.15,0.66,0.02,1.18,0.09,-0.01,2.18,-4.87,1.36,-0.34,0.1,-0.02,2.19,-3.85,2.56,-1.15,0.11,0.01,2.21,-3.19,3.91,-2.55,0.12,0.02,2.24,-0.46,-1.02,-0.24,0.12,0.02,2.17,0.9,3.37,-0.67,0.11,0.03,2.2,-2.21,2.82,-0.55,0.1,0.03,2.17,-2.23,5.79,-0.18,0.08,0.01,2.24,1.11,0.52,0.26,0.09,0.02,2.18,0.7,2.75,-0.11,0.08,-0.01,2.23,-3.74,1.16,-0.08,0.09,0.01,2.21,0.41,2.58,0.61,0.09,0.02,2.2,-1.04,3.37,-1.15,0.09,0.05,2.18,-1.39,2.69,-1.4,0.1,0.05,2.18,-8.44,5.24,-2.18,0.1,0.06,2.24,-9.21,1.37,-0.03,0.1,0.0,2.21,-4.72,3.47,0.63,0.08,-0.01,2.19,-6.31,3.69,-1.44,0.08,-0.03,2.23,-6.82,2.93,-2.55,0.09,-0.02,2.2,-8.14,0.95,-4.02,0.11,0.01,2.23,-5.1,2.92,-3.73,0.11,0.05,2.2,-1.53,0.43,-2.15,0.11,0.04,2.2,3.79,0.46,-0.11,0.1,0.0,2.21,1.36,0.84,0.0,0.1,0.0,2.18,-2.44,2.47,-0.85,0.08,-0.03,2.22,-2.95,2.26,-0.73,0.13,0.05,2.18,-15.3,2.6,-1.98,0.08,-0.02,2.29,-14.82,20.4,-7.77,0.09,0.01,2.21,-5.1,8.5,-0.14,0.09,-0.0,2.2,-1.98,1.94,-1.36,0.1,-0.0,2.19,1.33,-0.4,-0.64,0.11,-0.01,2.16,-2.27,1.42,-1.85,0.07,-0.1,2.23,-5.34,29.92,-6.37,0.08,-0.01,2.19,-8.4,2.92,-0.17,0.09,-0.01,2.24,-4.24,5.47,-1.82,0.09,0.01,2.21,-2.69,0.82,-0.4,0.08,-0.02,2.18,-2.43,2.49,-1.71,0.08,-0.01,2.21,-2.73,3.11,-1.25,0.14,-0.01,2.21,-1.13,3.28,-9.21,0.08,-0.06,2.13,0.52,-0.08,1.24,0.08,-0.03,2.17,-4.9,9.3,-2.17,0.08,0.01,2.23,-9.07,6.21,-2.67,0.08,0.01,2.24,6.29,-0.46,1.02,0.06,-0.02,2.22,3.25,-3.51,-2.11,0.08,-0.01,2.15,1.6,-0.46,-0.81,0.09,0.0,2.18,-6.61,5.63,-3.04,0.08,0.0,2.23,-6.7,4.43,-0.43,0.07,-0.01,2.21,-6.73,1.3,-1.45,0.07,-0.04,2.19,-4.31,3.86,-1.54,0.07,0.01,2.21,-4.56,-1.36,-1.69,0.08,-0.02,2.19,1.34,-0.14,0.03,0.09,-0.03,2.18,-5.79,5.05,-3.39,0.08,-0.01,2.19,-6.9,5.63,-2.11,0.1,-0.01,2.22,-7.27,4.02,-1.69,0.01,-0.03,2.11,-9.63,6.15,5.05,0.07,0.02,2.28,-6.85,1.07,-0.35,0.08,-0.05,2.18,2.66,3.11,-0.47,0.07,-0.05,2.2,-2.27,3.36,-2.81,0.08,-0.02,2.19,-4.96,4.82,-3.91,0.07,-0.01,2.21,-4.06,2.43,-2.31,0.07,0.0,2.23,1.02,1.62,-1.3,0.09,-0.01,2.17,-3.94,0.72,-2.35,0.06,-0.05,2.22,0.72,7.37,-2.79,0.04,-0.06,2.13,3.74,-0.96,0.2,0.07,-0.04,2.18,-5.5,5.25,-4.2,0.07,-0.3,2.16,-21.76,3.82,-20.38,0.05,-0.02,2.21,-9.63,-7.45,2.6,0.08,0.02,2.21,0.03,5.82,-1.28,0.07,-0.02,2.17,-4.56,5.3,-3.08,0.07,-0.01,2.26,2.7,0.52,-0.4,0.07,-0.05,2.14,-0.75,-0.93,-0.64,0.06,-0.03,2.2,-5.21,2.24,-1.54,0.05,-0.04,2.23,-5.62,1.1,-3.13,0.07,-0.04,2.19,-2.38,2.0,-3.76,0.08,-0.03,2.22,-3.54,0.23,-3.86,0
0.03,-0.12,2.21,-9.83,4.5,-1.98,0.03,-0.07,2.23,-3.66,2.85,-2.5,0.02,-0.11,2.2,8.56,-6.7,-0.47,0.04,-0.08,2.14,4.79,-4.05,-1.22,0.03,-0.1,2.16,-5.18,0.99,-1.13,0.04,-0.07,2.18,-9.01,6.14,0.92,0.04,-0.1,2.21,-8.34,7.62,1.95,0.03,-0.12,2.23,-5.73,8.14,1.01,0.03,-0.1,2.21,0.11,1.94,2.21,0.05,-0.12,2.17,1.3,1.37,1.19,0.04,-0.11,2.24,-2.12,4.35,-0.73,0.05,-0.1,2.15,-0.73,-1.33,0.18,0.03,-0.08,2.23,0.24,4.73,-0.49,0.03,-0.08,2.2,2.43,0.73,1.4,0.03,-0.09,2.18,0.53,2.0,0.55,0.02,-0.1,2.2,-2.12,-0.26,-0.38,0.03,-0.11,2.16,-6.67,2.29,-1.34,0.02,-0.1,2.21,-10.98,4.26,-1.19,0.02,-0.11,2.19,-8.27,3.19,-0.64,0.04,-0.1,2.22,-6.63,3.8,0.11,0.04,-0.11,2.21,-5.04,3.92,-0.29,0.03,-0.11,2.17,-6.41,3.42,-1.39,0.04,-0.1,2.22,-5.5,3.28,-0.55,0.04,-0.12,2.2,-3.62,1.51,0.23,0.03,-0.13,2.16,-4.93,4.95,-0.9,0.03,-0.11,2.21,-6.24,2.2,-1.18,0.02,-0.13,2.21,-3.1,3.79,-0.61,0.03,-0.1,2.19,-0.72,-0.24,0.05,0.02,-0.14,2.2,0.12,3.71,-1.02,0.03,-0.13,2.19,1.33,1.16,-0.93,0.03,-0.12,2.2,-2.34,1.85,-3.27,0.03,-0.1,2.21,-0.31,3.44,-1.69,0.03,-0.11,2.21,2.5,1.73,0.03,0.04,-0.12,2.19,1.16,-1.15,-1.04,0.02,-0.13,2.17,-2.9,3.5,-2.87,0.02,-0.12,2.21,-5.07,3.91,-2.64,0.02,-0.1,2.2,-2.5,1.05,-2.05,0.02,-0.08,2.2,2.44,1.21,-0.38,0.02,-0.12,2.18,4.82,-0.27,0.73,0.02,-0.14,2.19,-1.22,1.42,-1.01,0.02,-0.14,2.18,-5.25,3.22,-2.49,0.02,-0.1,2.2,-5.66,6.03,-2.27,0.03,-0.1,2.18,-3.73,0.15,-1.01,0.04,-0.1,2.23,1.88,-0.14,-0.69,0.02,-0.13,2.17,-0.85,-2.15,-1.18,0.03,-0.08,2.19,1.82,1.95,-0.44,0.02,-0.13,2.21,-2.38,2.66,-1.88,0.03,-0.11,2.18,-0.79,3.3,-1.02,0.01,-0.13,2.21,-1.02,2.85,-1.57,0.02,-0.11,2.24,-0.93,-1.39,-1.62,0.02,-0.1,2.18,0.24,1.01,-1.88,0.04,-0.12,2.2,-1.05,0.79,-1.8,0.03,-0.12,2.18,0.32,3.08,-2.27,0.02,-0.12,2.19,-0.46,0.52,-2.69,0.03,-0.1,2.19,-0.66,2.26,-1.95,0.02,-0.11,2.23,2.7,-0.09,-1.66,0.02,-0.13,2.2,3.94,-0.75,-1.73,0.02,-0.1,2.19,-0.31,3.45,-3.45,0.03,-0.09,2.19,-0.18,0.66,-1.79,0.03,-0.09,2.19,-2.72,1.28,-2.4,0.03,-0.09,2.2,-0.73,2.18,-0.92,0.03,-0.11,2.19,-1.05,0.6,-0.67,0.02,-0.12,2.18,-2.15,3.86,-0.6,0.03,-0.1,2.2,-2.14,4.63,-1.01,0.02,-0.1,2.24,2.41,-0.99,-0.21,0.02,-0.12,2.17,4.63,-0.79,0.67,0.02,-0.12,2.18,0.06,-0.5,-1.5,0.02,-0.12,2.22,-1.42,2.67,-1.48,0.03,-0.08,2.19,-2.14,2.5,-1.66,0.02,-0.09,2.21,-3.98,4.09,-1.21,0.02,-0.08,2.21,-4.02,0.66,-0.41,0.03,-0.13,2.2,-0.46,1.47,0.38,0.03,-0.16,2.17,-3.18,2.32,-1.91,0.02,-0.11,2.23,2.44,3.42,-1.18,0.02,-0.12,2.19,4.55,-1.4,-2.82,0
-0.03,-0.09,2.21,-6.23,1.1,-3.97,-0.03,-0.13,2.18,-2.41,5.19,1.08,-0.03,-0.13,2.19,-7.25,4.63,0.15,-0.02,-0.15,2.18,-5.57,4.43,0.95,-0.01,-0.16,2.16,-10.93,8.56,-0.05,-0.01,-0.15,2.22,-12.81,5.37,-1.4,0.0,-0.14,2.21,-3.39,3.68,1.3,0.01,-0.17,2.19,-2.67,5.76,1.5,-0.0,-0.15,2.19,-3.74,1.16,1.59,-0.01,-0.18,2.2,-4.11,3.34,-0.38,-0.01,-0.18,2.2,-3.48,3.77,-0.9,-0.02,-0.16,2.19,-0.7,0.15,-0.75,-0.02,-0.17,2.2,-0.66,0.56,-1.71,-0.02,-0.16,2.22,-0.09,-1.57,-2.23,-0.03,-0.14,2.2,2.67,-6.14,-0.9,-0.02,-0.16,2.15,0.37,-3.19,-1.85,-0.02,-0.13,2.18,0.73,-3.11,-0.12,-0.01,-0.13,2.19,-5.19,-6.0,-1.57,-0.01,-0.15,2.18,-3.94,-0.89,-1.77,-0.02,-0.15,2.22,-8.24,1.65,-2.67,-0.02,-0.15,2.21,-6.05,0.08,-1.16,-0.01,-0.17,2.21,-2.84,-5.44,-0.64,-0.01,-0.17,2.23,0.76,-6.35,-1.01,-0.0,-0.16,2.2,3.4,-8.4,0.12,-0.0,-0.16,2.23,1.27,-10.06,-1.31,0.01,-0.15,2.19,-0.58,-8.35,-1.36,0.02,-0.15,2.22,-2.81,-11.48,-0.43,0.0,-0.11,2.24,-6.0,-34.31,-0.09,-0.03,-0.13,2.31,-13.16,-47.1,4.79,-0.0,-0.13,2.36,1.85,-22.73,6.58,-0.04,0.13,2.25,-22.26,-87.11,11.4,0.03,-0.2,1.94,-2.4,-38.27,5.34,0.14,-0.29,2.3,-7.63,-48.75,9.88,0.11,-0.15,2.05,8.09,3.18,1.66,0.1,-0.14,2.15,4.64,-3.68,0.82,0.09,-0.24,2.22,11.36,-4.38,0.75,0.1,-0.18,2.18,12.27,-3.59,3.56,0.1,-0.12,2.18,6.18,-6.7,2.43,0.1,-0.15,2.19,8.5,-1.33,5.1,0.11,-0.14,2.14,7.04,0.47,3.11,0.12,-0.14,2.15,1.51,4.64,0.5,0.12,-0.09,2.21,0.14,11.4,2.23,0.1,-0.11,2.22,5.6,0.95,5.82,0.14,-0.19,2.21,8.72,6.79,7.85,0.14,-0.19,2.0,12.6,17.53,11.47,0.11,-0.12,2.1,15.36,-3.91,10.53,0.1,-0.19,2.12,0.02,4.08,3.21,0.15,-0.15,2.2,-29.02,14.29,7.62,0.13,-0.12,2.27,-7.6,14.99,8.18,0.07,-0.17,2.26,-6.53,8.35,15.15,0.1,-0.05,2.23,12.47,-6.34,12.14,0.07,-0.16,2.24,-6.18,-22.0,0.61,0.1,0.02,2.02,-4.49,-25.89,4.81,0.08,-0.15,2.26,18.93,-1.05,8.06,0.09,-0.09,2.24,-0.27,-9.36,2.43,0.1,-0.11,2.24,4.63,-2.67,4.24,0.1,-0.11,2.28,4.11,-13.71,7.22,0.11,-0.12,2.23,7.56,-11.97,5.95,0.12,-0.09,2.25,3.42,-12.66,7.63,0.11,-0.16,2.19,3.04,-17.36,4.73,0.12,-0.14,2.17,2.4,-12.99,4.37,0.12,-0.14,2.21,6.66,-13.48,3.5,0.14,-0.1,2.21,2.17,-7.73,3.15,0.25,-0.2,2.29,0.4,-7.28,0.98,0.18,-0.07,2.12,2.44,-8.63,15.69,0.16,-0.17,2.07,0.69,-8.87,11.95,0.17,-0.07,2.14,-10.11,-7.62,10.02,0.17,-0.08,2.12,-3.85,-2.79,10.14,0.15,-0.02,2.2,7.66,-6.5,18.64,0.15,-0.11,2.22,8.34,-5.8,6.85,0.14,-0.17,2.22,14.29,-11.6,11.77,0.16,-0.11,2.2,-0.34,-8.09,7.3,0.18,-0.06,2.22,-0.87,-5.92,6.09,0.18,-0.09,2.22,-1.02,-3.95,2.06,0.18,-0.12,2.23,-1.53,-13.24,7.33,0
0.71,1.33,1.48,-500.27,278.73,186.93,0.78,-0.53,0.64,-500.27,-59.88,297.11,-1.09,-4.0,-1.67,-500.27,-373.25,271.36,-1.07,-4.0,-2.24,500.26,-114.14,-57.4,-0.73,-3.77,-0.0,500.26,-311.68,-243.74,-0.44,-3.0,0.67,500.26,-420.31,-318.17,-0.59,-1.96,0.57,500.26,-468.35,-308.32,-0.33,-1.03,1.5,500.26,-409.8,-278.75,0.2,0.45,0.13,500.26,-500.27,-208.08,0.8,2.23,-0.71,500.26,-500.27,-128.78,0.95,3.39,-0.91,500.26,-280.93,-69.16,1.04,4.0,-0.5,500.26,-175.53,39.74,0.82,2.29,0.0,450.21,-72.66,110.12,0.83,1.2,-1.05,-500.27,124.32,-15.31,0.86,2.29,-0.76,-500.27,465.5,-125.63,0.98,3.53,0.29,-500.27,500.26,8.66,0.43,2.69,2.53,-500.27,260.14,21.1,0.65,2.42,0.94,-500.27,366.21,129.08,0.68,1.69,0.06,-500.27,373.83,218.15,0.44,0.11,-0.24,-500.27,327.18,335.89,0.83,2.57,0.1,-500.27,378.78,22.43,0.66,2.37,0.41,-500.27,412.58,137.4,0.48,1.87,0.46,-500.27,390.67,112.38,0.64,1.67,1.44,-500.27,500.26,96.82,0.62,1.29,1.5,-500.27,368.55,141.42,0.55,0.52,0.57,-500.27,336.44,181.25,0.62,-0.38,-0.03,-500.27,425.24,247.76,0.42,-1.43,1.3,-500.27,285.02,305.5,-1.32,-4.0,0.43,500.26,-310.67,91.3,-1.43,-4.0,-0.27,500.26,-500.27,-231.5,-0.62,-2.17,-0.18,500.26,-500.27,-311.53,-0.05,-1.19,-0.08,500.26,-500.27,-334.66,0.3,1.05,-0.76,500.26,-289.4,-353.62,0.49,2.97,1.21,500.26,-237.57,-283.4,0.89,4.0,1.16,500.26,-251.19,-92.46,1.15,3.89,0.0,500.26,-258.49,44.38,0.96,2.86,-0.02,284.53,-86.23,108.95,0.69,2.01,-0.1,-500.27,109.89,99.62,1.1,3.3,0.16,-500.27,173.73,98.4,0.82,3.21,0.95,-500.27,378.4,209.37,0.8,2.58,1.58,-500.27,357.97,382.09,0.46,1.22,1.01,-500.27,304.32,325.13,0.62,1.11,-0.06,-500.27,237.63,361.53,0.22,-0.19,-0.5,-500.27,320.08,403.04,-0.03,-1.19,-0.36,-500.27,333.37,450.89,-0.66,-3.91,0.07,-500.27,72.9,330.35,-1.5,-4.0,-0.66,500.26,-245.33,-49.66,-1.09,-4.0,-0.77,500.26,-425.02,-362.98,-0.55,-2.59,-0.94,500.26,-500.27,-491.27,-0.55,-0.98,-1.41,500.26,-500.27,-500.27,0.3,1.75,0.22,500.26,-240.53,-500.27,0.24,2.5,1.98,500.26,-227.88,-348.2,0.72,3.36,1.97,500.26,-477.47,-204.99,1.17,3.74,-0.0,500.26,-500.27,-59.92,0.96,2.5,-0.37,412.84,-289.33,48.64,0.86,2.46,-1.0,-270.12,-78.75,18.38,1.26,4.0,-0.47,-500.27,282.79,48.82,1.18,4.0,0.64,-500.27,353.11,247.76,1.13,3.9,0.24,-500.27,336.92,440.44,0.57,1.84,0.09,-500.27,206.17,461.37,0.46,1.1,-0.37,-500.27,368.82,455.24,0.03,0.35,-0.52,-500.27,313.25,500.26,-0.13,-0.9,-1.04,-500.27,329.05,500.26,-0.65,-3.73,-1.16,-500.27,194.08,436.93,-1.42,-4.0,-0.84,500.26,-44.67,110.53,-1.14,-4.0,-0.33,500.26,-365.77,-241.68,-0.62,-2.54,-0.65,500.26,-366.31,-408.92,-0.41,-1.08,0.11,500.26,-335.73,-500.27,0.01,0.67,0.88,500.26,-303.02,-476.2,0.33,2.22,1.2,500.26,-467.82,-416.53,0.7,2.98,1.42,500.26,-496.75,-293.65,0.98,3.74,0.63,500.26,-500.27,-134.35,0.94,2.96,-0.56,500.26,-421.22,-12.03,0.78,1.8,-1.05,480.66,-217.25,-8.06,0.98,2.45,-1.42,-434.66,53.47,-1.22,1
0.6,1.62,-1.11,-377.07,8.87,-28.76,0.77,1.8,-1.05,-500.27,-9.66,-61.31,0.71,2.48,-1.49,-500.27,112.41,7.51,0.53,2.79,-0.72,-500.27,289.92,49.74,0.43,2.7,0.4,-500.27,359.71,111.1,0.16,1.69,1.27,-500.27,156.56,193.57,0.19,-0.04,1.48,-500.27,118.41,46.32,0.7,1.11,1.94,-500.27,125.19,-72.75,0.44,0.62,1.62,-500.27,120.99,-8.06,0.34,-0.02,1.93,-500.27,186.24,-15.86,0.52,0.34,2.26,-500.27,285.65,41.53,0.69,0.05,2.65,-500.27,143.42,79.95,0.36,-0.75,1.07,-500.27,37.74,177.77,0.16,-1.38,0.7,-500.27,-28.31,164.92,-0.14,-2.84,-0.3,-500.27,-107.57,104.56,-0.12,-2.34,-0.35,-244.93,-68.49,-46.21,0.08,-1.87,-0.23,-158.21,-14.31,-19.73,0.21,-1.66,0.45,-252.21,1.91,41.02,0.16,-2.0,0.13,-211.92,-1.77,70.75,0.1,-2.19,0.09,-139.59,-1.3,80.61,-0.01,-2.23,-0.34,-18.69,-20.32,31.36,0.1,-2.06,-0.14,90.81,14.66,15.98,0.09,-2.12,0.12,239.8,9.45,-9.47,0.15,-2.2,0.37,433.74,-10.64,-49.37,0.28,-1.91,0.38,500.26,-33.88,-83.59,0.28,-2.05,0.61,500.26,-47.65,-101.6,0.15,-1.51,1.29,500.26,-31.22,-168.02,0.24,-0.83,2.28,500.26,-126.32,-168.7,-0.04,-0.18,1.05,500.26,-361.59,-97.63,0.5,1.27,0.36,500.26,-112.41,8.44,0.63,1.77,1.69,500.26,-30.09,85.4,0.42,1.8,2.29,500.26,105.24,71.76,0.38,1.82,1.66,500.26,-149.76,84.81,0.42,1.92,0.45,500.26,-163.57,132.02,0.51,1.65,-0.31,500.26,-247.15,152.5,0.57,1.06,-0.79,500.26,-113.37,69.07,0.45,1.12,-0.56,500.26,-58.35,-93.77,0.79,2.57,-1.21,500.26,-170.4,-105.73,0.83,3.07,-0.72,471.97,3.48,20.14,0.44,1.46,-0.64,304.92,-83.15,50.9,0.54,0.92,-1.04,96.06,-106.11,19.85,0.61,1.01,-1.64,-59.76,-49.13,-18.31,0.47,1.05,-1.42,-138.89,-27.62,-46.9,0.63,1.55,-1.59,-164.53,-22.6,-36.38,0.6,1.52,-1.48,-360.55,1.33,-26.15,0.52,1.49,-0.72,-500.27,12.17,-46.64,0.74,2.09,-0.74,-500.27,3.6,-68.7,0.71,2.82,-0.73,-500.27,112.69,-41.98,0.45,2.57,-0.02,-500.27,151.85,16.37,0.37,1.86,0.93,-500.27,97.1,52.02,0.34,1.85,1.29,-500.27,25.88,36.64,0.41,1.16,1.76,-500.27,111.01,10.75,0.21,0.55,1.86,-500.27,125.98,-16.99,0.07,-0.03,2.25,-500.27,115.18,-66.24,0.36,0.27,1.53,-500.27,195.66,-89.36,0.48,0.3,2.47,-500.27,88.67,-39.95,0.55,-0.11,2.02,-500.27,151.79,117.74,0.32,-0.9,1.59,-500.27,65.18,135.51,0.25,-1.29,0.97,-500.27,-49.62,169.97,0.01,-1.43,-0.04,-500.27,-25.36,195.28,-0.12,-2.05,0.3,-500.27,-7.53,195.4,-0.17,-2.56,0.26,-479.16,-30.98,129.19,-0.1,-2.16,-0.06,-276.49,-10.08,44.93,-0.08,-1.98,-0.19,-146.32,-22.41,40.56,-0.1,-2.03,-0.25,-17.45,-59.71,33.95,-0.09,-1.87,-0.35,156.92,-16.82,19.15,-0.05,-2.13,-0.04,399.31,-13.95,-6.05,-0.13,-2.28,0.2,500.26,-1.3,-38.26,-0.02,-2.1,0.64,500.26,-66.69,-80.29,-0.35,-2.52,1.39,500.26,-98.73,-113.31,-0.23,-1.72,1.77,500.26,-177.6,-178.82,-0.17,-0.79,2.2,500.26,-429.4,-155.13,0.02,0.5,1.37,500.26,-403.45,-141.4,0.4,1.46,1.23,500.26,-321.73,11.37,0.56,1.49,1.09,500.26,-159.6,72.34,1
0.28,-1.51,1.21,500.26,-75.69,-15.82,0.33,-1.39,1.5,500.26,-209.62,-36.24,-0.31,-1.3,2.31,500.26,-242.55,-5.91,0.02,0.05,2.15,500.26,-289.04,-67.6,0.43,1.07,1.55,500.26,-338.67,100.82,0.44,0.9,1.21,500.26,-130.52,120.06,0.56,1.54,0.9,500.26,5.13,114.21,0.65,1.94,1.53,500.26,37.83,119.4,0.5,2.42,1.52,500.26,12.08,172.26,0.46,1.75,0.91,500.26,-1.74,158.52,0.71,1.69,0.88,500.26,0.0,68.11,0.83,1.77,0.39,500.26,-26.31,-0.98,0.75,1.81,-0.37,500.26,-44.44,-10.5,0.86,2.19,-0.14,497.01,-45.94,1.31,0.64,1.79,-0.26,412.67,-34.69,29.47,0.71,1.63,-0.27,278.9,-27.63,17.27,0.59,1.47,-0.4,250.61,-40.73,-17.07,0.8,1.69,-0.62,15.59,-30.21,-25.37,0.83,1.7,-0.8,-119.19,12.69,-27.36,0.79,1.77,-0.82,-191.44,38.67,-19.73,0.74,1.55,-0.03,-356.85,32.55,-46.43,0.79,1.69,-0.1,-500.27,10.98,-77.16,0.65,2.17,0.4,-500.27,-41.91,-127.63,0.52,2.58,0.6,-500.27,-65.05,-105.36,0.45,2.41,0.75,-500.27,-42.14,-74.95,0.47,2.0,1.15,-500.27,51.25,-116.66,0.4,1.6,1.92,-500.27,110.27,-139.53,0.41,1.42,1.58,-500.27,36.67,-44.49,0.57,1.07,2.19,-500.27,136.66,-11.83,0.65,0.13,2.13,-500.27,193.88,-7.91,0.52,-0.05,1.79,-500.27,147.19,8.82,0.6,-1.0,1.45,-500.27,116.05,-32.26,0.36,-1.03,1.3,-500.27,117.42,65.39,0.48,-1.26,1.07,-500.27,125.36,174.84,0.22,-1.8,0.25,-500.27,1.05,144.27,0.16,-2.17,0.31,-422.61,37.95,113.95,0.05,-2.32,0.35,-172.35,21.24,76.18,0.1,-2.12,0.43,30.72,-6.5,25.59,0.13,-2.0,0.51,234.46,-30.08,16.18,0.09,-1.94,0.83,416.02,-55.3,23.91,0.07,-1.91,1.07,500.26,-61.91,23.18,-0.05,-2.06,1.36,500.26,-137.18,11.01,0.19,-1.55,1.96,500.26,-197.47,13.6,-0.16,-1.61,1.98,500.26,-346.34,-22.67,-0.03,0.09,2.21,500.26,-332.23,-79.59,-0.01,0.3,1.85,500.26,-500.27,-37.86,0.56,1.01,1.18,500.26,-340.35,60.67,0.66,1.6,1.56,500.26,-37.76,138.31,0.6,1.75,1.22,500.26,-93.1,200.4,0.68,1.9,0.35,500.26,-15.02,264.17,0.65,1.37,1.45,500.26,61.77,132.7,0.94,1.88,0.29,500.26,-30.27,43.5,0.94,2.34,0.52,500.26,-57.19,38.47,0.87,2.01,0.09,500.26,-41.01,48.66,0.84,1.54,-0.26,500.26,-44.72,14.03,0.93,1.51,-0.51,441.34,-87.79,-8.14,0.95,1.67,-0.46,413.47,-44.69,-10.56,0.94,1.61,-0.7,292.26,-63.66,-13.66,0.98,1.84,-1.04,114.23,-36.69,3.21,0.89,1.62,-0.96,58.47,-8.2,28.87,0.84,1.4,-0.88,-17.02,7.24,16.12,0.88,1.35,-0.9,-103.24,28.47,-9.74,0.96,1.42,-0.65,-320.72,27.69,-56.89,0.85,1.39,-0.24,-500.27,46.5,-114.29,0.68,1.73,0.49,-500.27,-70.37,-175.59,0.5,2.25,0.5,-500.27,-137.15,-229.16,0.64,3.06,0.26,-500.27,-103.63,-216.09,0.63,2.83,0.62,-500.27,-13.11,-136.49,0.53,1.81,1.16,-500.27,40.81,-45.18,0.6,1.65,1.51,-500.27,126.31,-12.21,0.42,0.75,1.77,-500.27,198.43,98.66,0.17,-0.21,2.01,-500.27,207.77,70.78,0.48,-0.13,2.08,-500.27,105.42,-7.13,0.5,-0.72,1.8,-500.27,73.1,35.82,0.48,-1.14,1.49,-500.27,104.03,8.58,1
0.3,0.17,2.15,-500.27,67.33,-51.92,0.4,0.08,2.14,-500.27,69.77,-18.23,0.27,-0.38,2.02,-500.27,37.18,-22.67,0.17,-0.74,1.77,-500.27,71.19,-1.34,0.19,-0.85,1.87,-500.27,102.85,2.61,0.15,-1.02,1.93,-500.27,105.34,9.11,0.13,-1.24,1.73,-500.27,117.85,10.78,0.27,-1.12,1.51,-500.27,75.47,59.56,0.01,-1.92,1.02,-488.24,55.42,39.22,0.09,-1.75,1.09,-241.71,21.27,11.42,0.05,-1.88,1.08,-15.44,9.45,-0.84,0.04,-1.83,1.2,127.97,42.98,-21.85,0.04,-1.86,1.24,289.02,-13.36,-42.75,0.2,-1.64,1.01,500.26,-26.76,-31.07,0.05,-1.77,1.44,500.26,-62.5,-27.11,-0.04,-1.33,1.42,500.26,-73.86,-48.11,-0.09,-0.62,2.14,500.26,-88.37,-63.24,0.13,0.65,1.91,0.0,0.0,0.0,0.18,0.87,1.92,500.26,6.5,116.89,0.19,0.96,1.96,500.26,47.98,84.89,0.24,1.2,1.74,500.26,48.31,71.22,0.18,1.34,1.75,500.26,76.14,52.76,0.21,1.62,1.54,500.26,31.98,60.43,0.22,1.77,1.16,500.26,63.48,85.25,0.2,1.85,1.16,500.26,105.83,91.74,0.22,1.45,1.58,461.74,93.3,34.14,0.28,1.91,0.97,209.74,18.95,-16.81,0.26,2.01,1.03,137.5,24.84,-10.2,0.25,2.07,0.88,68.82,-7.66,13.16,0.28,2.04,0.74,88.15,-0.53,33.3,0.25,1.9,0.85,41.85,-6.03,17.88,0.34,1.61,1.12,-149.92,-10.47,-36.6,0.27,1.79,1.18,-500.27,-120.82,-145.05,0.27,2.2,1.21,-500.27,-90.9,-158.85,0.17,1.99,1.38,-500.27,-72.63,-145.45,0.2,1.81,1.48,-500.27,-23.01,-133.07,0.13,1.77,1.85,-500.27,1.82,-129.62,-0.03,1.07,2.54,-500.27,-4.69,-114.24,0.02,0.63,1.93,-500.27,-8.15,-77.13,0.08,0.16,2.22,-500.27,-27.27,-80.29,0.24,0.37,1.95,-500.27,30.79,-22.82,0.26,-0.39,1.9,-500.27,43.27,45.71,0.1,-0.91,1.59,-500.27,56.75,43.45,-0.08,-1.33,1.33,-500.27,31.19,31.89,0.04,-1.52,1.41,-500.27,94.47,0.87,0.11,-1.55,1.34,-421.86,33.62,14.75,0.08,-1.56,1.36,-156.03,-3.07,33.1,-0.05,-1.88,1.15,61.97,-33.21,25.27,-0.09,-1.75,1.38,225.08,-22.66,18.73,-0.09,-1.73,1.36,208.87,-35.69,5.05,-0.04,-1.62,1.55,241.95,-33.37,-9.15,-0.04,-1.57,1.71,289.01,-45.07,-20.78,-0.07,-1.59,1.78,0.0,0.0,0.0,0.05,-1.39,1.82,500.26,-69.11,-55.69,0.03,-1.26,1.87,500.26,-104.11,-62.43,0.09,-0.66,2.0,500.26,-127.74,-62.24,0.1,-0.46,1.85,500.26,-74.09,-40.53,0.21,-0.43,1.96,500.26,-86.32,-4.76,0.2,-0.15,2.13,500.26,-41.22,-6.81,0.3,0.71,2.1,500.26,4.32,59.8,0.25,0.75,2.09,500.26,-28.41,77.28,0.26,0.72,1.96,494.58,-6.67,51.18,0.35,1.07,1.98,226.03,-9.1,19.91,0.38,1.22,1.79,127.01,-0.21,36.55,0.31,1.11,1.88,28.31,19.02,27.42,0.3,1.13,1.89,12.43,8.7,26.66,0.24,0.87,1.99,-79.05,17.88,-0.2,0.35,1.13,1.8,-112.87,-5.25,-8.82,0.32,1.0,1.87,-53.18,4.99,2.11,0.33,1.03,1.85,6.2,6.95,12.87,0.3,1.03,1.94,42.9,3.51,21.45,0.3,0.99,1.9,81.22,-3.95,25.77,0.29,0.94,1.93,89.68,-3.83,12.24,0.32,1.07,1.92,132.34,-13.8,9.07,0.35,1.17,1.89,278.27,-26.12,25.79,1
0.24,-1.03,1.66,-500.27,8.64,8.67,0.21,-0.75,1.52,-500.27,8.43,121.34,0.13,-1.89,1.1,-288.2,-16.9,48.69,0.22,-1.38,1.03,-182.67,37.16,61.91,0.14,-1.51,1.57,-137.73,55.65,41.39,0.08,-1.89,1.39,-104.93,9.95,58.38,0.07,-1.88,1.49,36.18,-2.37,27.13,0.11,-1.81,1.34,229.86,-28.21,-0.87,0.2,-1.84,1.06,500.26,21.77,-17.34,0.22,-1.71,1.29,500.26,-64.15,-50.38,0.08,-0.98,1.86,500.26,-106.46,-87.62,0.12,-0.0,2.31,500.26,-258.2,-32.96,-0.01,0.34,1.85,500.26,-189.69,59.45,0.25,0.93,1.54,500.26,-178.78,175.4,0.31,1.19,1.6,500.26,51.19,176.49,0.31,1.49,1.73,500.26,21.79,173.16,0.48,1.62,1.7,500.26,7.73,148.21,0.44,1.54,1.4,500.26,-59.45,115.98,0.59,1.74,0.96,446.31,-95.85,48.38,0.62,1.82,0.52,401.37,-37.92,26.12,0.55,1.87,0.56,405.98,9.05,5.42,0.48,1.79,0.75,343.18,-25.8,-17.6,0.56,1.95,0.43,262.09,-64.56,-16.52,0.62,1.92,0.36,209.3,-30.6,-18.81,0.65,2.0,0.18,159.11,-41.4,-17.82,0.67,2.03,0.17,117.82,-4.02,-10.21,0.54,2.08,0.32,25.5,-4.98,9.25,0.55,2.07,0.29,-101.59,13.45,-1.89,0.6,1.9,0.38,-365.45,23.39,-47.98,0.61,1.91,0.43,-500.27,84.46,-100.41,0.54,1.94,0.6,-500.27,107.73,-119.95,0.45,1.77,1.0,-500.27,110.29,-129.07,0.4,1.96,1.63,-500.27,47.83,-123.77,0.28,1.71,0.97,-500.27,-7.13,-94.78,0.26,1.33,1.7,-500.27,107.01,-46.96,0.21,1.01,1.91,-500.27,86.03,-70.52,0.18,0.7,1.98,-500.27,51.36,-40.18,0.17,0.39,2.01,-500.27,24.55,-55.36,0.22,0.05,2.11,-500.27,29.34,-57.92,0.39,-0.31,2.02,-500.27,4.38,-42.05,0.35,-0.36,1.8,-500.27,11.95,-10.11,0.18,-0.77,1.95,-455.95,26.58,32.06,0.04,-0.95,1.91,-500.27,55.54,47.42,0.08,-1.08,2.04,-500.27,48.09,27.39,0.04,-1.56,2.28,-500.27,68.79,26.73,0.16,-1.35,1.66,-500.27,8.11,37.73,0.2,-1.73,1.19,-406.6,-41.33,39.56,0.26,-1.66,0.87,-184.05,-51.79,46.49,0.13,-2.03,1.14,10.34,-9.65,1.66,0.14,-1.72,1.34,139.33,-1.71,-36.02,0.15,-1.66,1.39,229.86,-0.87,-34.99,0.22,-1.59,1.3,355.85,-10.55,-39.5,0.23,-1.76,1.46,500.26,-24.93,-62.05,0.22,-1.61,1.85,500.26,-72.15,-101.39,0.07,-0.85,2.1,500.26,-190.98,-119.04,0.1,0.09,2.2,500.26,-267.1,7.01,0.37,0.78,1.62,500.26,-292.85,81.62,0.44,0.56,1.54,500.26,-132.81,141.63,0.44,0.68,1.44,500.26,-3.28,88.14,0.45,1.34,1.54,500.26,4.63,105.19,0.56,1.85,1.7,500.26,-45.88,129.37,0.59,1.66,1.49,500.26,-80.2,112.92,0.59,1.57,1.26,500.26,-79.94,58.08,0.79,1.75,0.62,383.89,-85.59,4.9,0.71,1.69,0.62,388.72,-17.25,-12.12,0.78,1.94,0.45,256.72,-66.18,-45.97,0.82,2.17,0.1,265.21,-34.02,-20.84,0.71,1.97,0.3,284.72,-30.18,-7.56,0.73,1.98,0.19,169.85,-68.47,-12.56,0.69,1.96,0.29,103.68,-35.02,-10.06,0.71,2.04,0.14,45.76,-41.51,-1.77,0.74,2.0,0.12,-36.84,1.21,3.47,0.73,1.8,0.31,-247.83,34.49,-32.66,0.77,1.76,0.12,-478.87,87.59,-80.81,0.71,2.08,0.39,-500.27,116.09,-128.58,1
0.55,1.97,0.44,250.52,-25.94,2.67,0.62,2.15,0.29,144.56,-23.13,-1.44,0.62,2.06,0.22,77.16,-4.66,-5.27,0.62,1.99,0.13,-6.17,-7.28,-16.9,0.59,1.67,0.55,-196.87,17.74,-51.47,0.55,1.8,0.5,-500.27,3.28,-118.63,0.41,1.81,1.04,-500.27,-15.44,-170.44,0.39,2.29,1.13,-500.27,-8.23,-213.92,0.3,2.15,1.11,-500.27,13.69,-157.98,0.26,1.61,1.42,-500.27,93.88,-119.91,0.19,1.53,2.08,-500.27,110.35,-100.75,0.15,1.28,2.34,-500.27,73.04,-45.13,0.08,0.15,2.12,-500.27,79.05,-30.9,0.23,-0.22,1.65,-500.27,-5.45,-83.88,0.28,-0.59,1.67,-500.27,63.66,-80.55,0.35,-0.86,1.62,-500.27,37.69,-41.24,0.3,-0.87,1.74,-500.27,32.4,-28.17,0.27,-1.35,1.47,-500.27,7.83,47.98,0.22,-0.98,1.39,-500.27,26.58,24.44,0.06,-1.25,1.39,-500.27,-74.46,137.33,0.03,-2.31,0.93,-500.27,21.47,95.98,0.06,-2.05,0.46,-400.76,-68.79,50.55,0.15,-2.24,0.09,-54.81,-15.22,24.02,0.2,-2.16,0.62,213.42,-29.19,-0.53,0.01,-2.13,0.83,500.26,-5.36,9.47,0.08,-2.06,0.96,500.26,-37.28,-34.4,0.12,-1.81,1.15,500.26,-68.81,-67.77,0.2,-1.48,1.64,500.26,-165.07,-39.51,0.24,-1.61,2.08,500.26,-207.24,-12.35,0.14,-1.12,1.68,500.26,-278.03,-8.09,-0.04,-0.41,1.55,500.26,-234.06,-13.04,0.44,0.69,1.72,500.26,-226.18,26.93,0.36,0.68,1.44,500.26,-59.48,67.77,0.44,1.11,1.64,500.26,30.24,120.12,0.37,1.9,1.97,500.26,-9.36,161.05,0.63,1.79,1.48,500.26,-94.78,121.82,0.66,1.94,0.71,500.26,-63.28,107.3,0.66,1.66,0.91,500.26,-3.54,79.88,0.73,1.73,0.3,500.26,1.83,3.08,0.81,2.1,0.24,441.07,-20.26,1.1,0.68,1.89,0.59,245.34,-42.35,-3.24,0.72,2.0,-0.05,188.99,-18.4,-1.01,0.7,1.9,0.05,134.0,-13.42,2.06,0.75,1.91,-0.08,46.82,-6.34,-3.77,0.7,1.92,0.1,-69.25,23.47,-18.21,0.62,1.72,0.36,-229.8,18.79,-49.4,0.69,1.63,0.69,-500.27,-22.87,-134.66,0.52,1.94,1.15,-500.27,-131.27,-269.34,0.56,2.56,0.15,-500.27,-37.91,-323.65,0.44,2.17,1.39,-500.27,84.63,-230.63,0.43,2.06,1.33,-500.27,118.02,-136.84,0.16,1.52,2.15,-500.27,182.78,-60.12,0.02,0.52,2.13,-500.27,110.21,35.73,0.22,-0.38,1.88,-500.27,74.92,0.06,0.2,-0.73,1.87,-500.27,75.92,-10.38,0.2,-1.06,1.63,-500.27,69.1,-60.85,0.27,-1.07,1.6,-500.27,67.15,-69.19,0.15,-1.32,1.58,-404.47,36.81,-50.0,0.08,-1.23,1.61,-375.54,45.08,-28.67,0.02,-1.74,1.47,-421.92,-4.55,-9.62,0.16,-1.48,1.66,-391.6,26.21,-27.18,0.24,-1.14,1.25,-415.24,-21.86,30.92,0.05,-1.72,0.91,-338.56,-41.16,59.85,0.18,-1.85,1.0,-188.61,15.63,57.04,0.04,-2.07,1.01,-16.31,7.24,32.23,0.05,-2.09,1.07,132.78,7.42,-3.91,0.11,-2.08,1.07,297.56,-13.21,-19.07,0.16,-1.87,1.13,500.26,-40.92,-19.85,0.25,-1.5,1.58,500.26,-80.96,20.02,0.2,-1.25,2.12,500.26,-172.84,74.31,0.11,-0.55,1.85,500.26,-233.68,104.29,0.01,0.06,2.0,500.26,-234.89,155.13,0.06,-0.04,2.04,500.26,-287.44,155.33,0.12,0.58,1.69,500.26,-132.87,163.8,0.32,1.26,1.62,500.26,53.15,136.56,1
0.17,-0.18,2.07,500.26,-239.56,38.56,0.15,0.29,1.77,500.26,-75.79,45.05,0.26,0.92,2.05,500.26,-30.06,106.21,0.49,1.61,1.67,500.26,-15.76,130.69,0.35,1.42,2.17,500.26,52.43,121.31,0.43,1.59,1.59,500.26,-14.79,112.2,0.45,1.6,1.3,500.26,-0.38,89.05,0.46,1.62,1.07,500.26,17.08,75.21,0.52,1.63,1.16,430.35,13.97,27.08,0.6,2.02,0.75,369.1,-30.76,33.04,0.6,1.87,0.51,368.9,-8.96,43.48,0.58,1.92,0.73,281.76,30.41,24.38,0.6,1.89,0.52,223.48,-6.82,24.12,0.61,2.04,0.5,125.73,20.82,8.31,0.61,1.99,0.46,107.77,13.47,24.79,0.63,2.03,0.35,92.03,11.79,33.02,0.61,1.97,0.29,88.52,35.05,38.67,0.56,1.81,0.46,12.73,39.37,19.11,0.7,1.75,0.64,-100.61,58.18,-9.79,0.64,1.92,1.18,-500.27,-40.76,-126.4,0.45,1.79,1.43,-500.27,-128.52,-236.34,0.4,1.86,0.9,-500.27,-27.69,-337.95,0.38,2.44,1.26,-500.27,59.56,-290.96,0.17,1.47,2.04,-500.27,211.91,-189.15,0.07,1.24,2.3,-500.27,24.93,-125.45,0.22,0.02,1.83,-500.27,29.5,-77.66,0.13,-0.52,1.47,-500.27,134.31,-106.4,0.18,-0.97,2.11,-500.27,96.26,-99.74,0.26,-0.85,1.97,-500.27,55.48,-100.46,0.23,-0.94,1.77,-386.18,5.42,-32.38,0.12,-1.16,1.65,-317.57,-32.89,9.62,0.12,-1.47,1.42,-238.66,0.92,22.64,0.12,-1.41,1.52,-127.68,8.46,20.23,0.14,-1.41,1.68,-33.74,1.79,18.32,0.07,-1.53,1.61,26.05,-32.03,10.41,0.13,-1.34,1.7,38.43,-35.65,9.13,0.08,-1.52,1.61,96.93,-42.89,15.31,0.08,-1.52,1.76,182.24,-40.72,9.94,0.18,-1.25,1.89,350.02,-71.28,23.79,0.16,-1.28,1.95,500.26,-111.92,53.51,0.23,-1.1,1.91,500.26,-139.36,58.67,0.25,-0.65,1.65,500.26,-163.05,39.44,0.35,-0.08,1.95,500.26,-128.55,75.8,0.31,0.29,1.99,500.26,-55.66,95.83,0.28,0.92,1.6,500.26,-45.97,172.0,0.23,1.2,2.01,500.26,42.76,173.13,0.26,1.66,2.04,500.26,24.12,201.79,0.37,1.76,1.3,500.26,-45.48,197.28,0.49,1.68,1.14,500.26,-16.84,158.82,0.65,1.82,0.83,500.26,-49.1,122.2,0.59,1.72,1.19,410.7,-39.59,53.45,0.64,1.96,0.42,279.42,-70.85,20.72,0.71,1.99,0.3,238.38,-80.69,23.89,0.74,1.92,-0.01,205.16,-65.94,19.19,0.69,1.8,0.1,184.4,-49.54,7.02,0.74,2.17,0.09,36.32,0.64,-8.58,0.65,1.96,0.26,-10.52,11.82,3.6,0.7,1.91,0.08,-73.07,15.89,-6.26,0.65,1.68,0.41,-200.2,11.48,-48.05,0.67,1.49,0.76,-442.2,17.77,-114.44,0.63,1.7,1.31,-500.27,-33.47,-294.73,0.43,2.61,0.98,-500.27,24.82,-360.2,0.37,2.48,1.17,-500.27,86.73,-196.31,0.17,1.45,2.08,-500.27,203.95,-151.91,-0.02,1.06,2.68,-500.27,-14.2,-141.54,0.07,0.28,1.7,-500.27,-49.04,-49.77,0.28,-0.89,1.45,-500.27,9.11,-30.79,0.32,-0.82,1.99,-500.27,62.15,-40.02,0.36,-0.77,1.81,-500.27,12.79,-31.4,0.29,-1.09,1.83,-500.27,-3.57,-16.7,0.46,-0.77,1.86,-499.73,-18.64,42.96,0.19,-1.77,1.07,-453.62,-32.41,41.63,0.27,-1.73,1.2,-340.49,2.72,14.24,0.3,-1.62,1.33,-267.3,10.37,1.21,0.27,-1.62,1.25,-155.47,-10.31,3.73,1
0.25,-1.37,1.53,-500.27,34.93,66.21,0.26,-1.53,0.94,-446.76,37.68,97.48,0.19,-1.85,1.11,-301.59,51.65,104.63,0.14,-2.03,0.9,-96.76,31.82,64.89,0.16,-2.14,1.09,167.51,6.72,31.91,0.18,-1.99,0.95,470.69,-51.33,6.05,0.12,-1.88,1.15,500.26,-108.44,-11.27,0.18,-1.44,1.5,500.26,-170.66,-13.76,0.07,-1.16,2.16,500.26,-229.25,-10.52,0.23,-0.61,1.77,500.26,-268.6,9.44,0.28,0.34,1.78,500.26,-317.27,27.65,0.24,0.87,1.64,500.26,-161.19,69.68,0.45,1.15,1.9,500.26,-67.19,88.08,0.45,1.43,1.63,500.26,-132.7,93.01,0.59,1.77,1.6,500.26,-81.37,99.1,0.6,1.78,1.3,500.26,-72.53,76.96,0.86,1.96,0.76,445.19,-49.65,38.99,0.63,1.79,0.77,373.18,11.68,15.95,0.66,2.03,0.8,367.11,-41.36,-7.3,0.73,1.92,0.52,389.22,-39.51,11.05,0.72,1.82,0.29,322.32,-57.79,17.69,0.72,1.9,0.34,316.84,-39.16,19.04,0.74,1.91,0.14,164.5,-25.69,11.8,0.73,1.87,0.18,-31.51,-11.82,-21.13,0.7,1.52,0.49,-240.05,34.24,-65.95,0.68,1.49,0.63,-500.27,9.47,-162.61,0.64,1.68,0.61,-500.27,12.18,-257.4,0.49,2.12,0.69,-500.27,154.84,-292.14,0.23,1.98,1.99,-500.27,177.45,-239.85,0.28,1.73,1.76,-500.27,30.14,-176.61,0.21,1.26,1.93,-500.27,67.11,-38.41,0.13,0.15,2.46,-500.27,24.75,-43.76,0.29,-0.15,1.77,-500.27,71.73,-22.64,0.22,-0.84,1.68,-500.27,179.18,-42.61,0.24,-1.05,1.65,-500.27,173.21,-36.37,0.15,-0.7,2.02,-500.27,138.35,-12.21,0.07,-1.36,2.04,-362.95,73.39,9.65,0.11,-0.87,2.06,-368.06,65.04,20.98,0.02,-1.51,1.24,-305.79,45.54,14.03,0.01,-1.41,1.38,-290.76,69.71,15.51,0.01,-1.53,1.66,-223.53,56.63,10.72,-0.06,-1.77,1.64,-92.21,16.52,-13.28,-0.04,-1.55,1.53,-18.41,-23.1,-11.82,-0.0,-1.63,1.39,82.72,-10.26,-14.6,0.02,-1.61,1.46,225.44,-30.53,-14.63,0.12,-1.53,1.51,490.29,-55.57,13.36,0.14,-1.51,1.85,500.26,-141.02,17.66,-0.0,-0.85,2.22,500.26,-224.0,32.41,-0.36,-1.24,2.45,500.26,-372.96,96.37,0.03,0.59,1.4,500.26,-364.81,128.89,0.25,0.45,1.2,500.26,-108.44,82.35,0.37,1.2,1.6,500.26,-32.37,28.46,0.46,1.73,1.27,500.26,-31.57,2.82,0.46,2.05,1.44,500.26,-37.21,35.47,0.43,2.06,1.2,500.26,-63.4,79.86,0.65,2.27,0.44,340.63,-8.56,63.33,0.47,1.68,0.64,280.43,-0.67,38.02,0.51,1.82,0.77,208.72,12.31,-7.69,0.55,1.9,0.7,147.27,-42.32,-26.34,0.62,2.0,0.11,115.63,-18.76,-16.49,0.59,2.02,0.28,55.07,-8.75,-12.92,0.5,1.44,0.75,-218.37,35.39,-55.37,0.54,1.83,0.43,-500.27,-30.64,-205.79,0.44,2.03,1.02,-500.27,174.47,-218.26,0.2,2.04,1.57,-500.27,168.02,-265.19,0.17,2.17,1.24,-500.27,162.18,-202.34,-0.03,0.79,2.28,-500.27,170.67,-65.77,-0.19,-0.06,1.87,-500.27,10.96,-60.92,0.18,0.16,2.1,-500.27,-25.89,-128.02,0.22,-0.26,1.83,-500.27,104.93,-81.07,0.14,-0.79,1.63,-500.27,89.57,-45.16,0.08,-1.13,1.77,-500.27,111.79,-72.2,0.14,-0.87,1.86,-294.64,48.78,-57.97,0.03,-1.19,1.44,-344.9,43.21,-6.37,0.0,-1.37,1.75,-369.11,-1.63,-27.08,1
0.66,1.84,0.72,197.86,-22.26,-2.96,0.75,2.19,0.52,154.98,39.76,-8.12,0.61,1.82,0.7,86.61,14.32,2.23,0.62,1.86,0.77,29.08,10.9,-26.18,0.69,1.86,0.88,-122.08,3.6,-41.5,0.71,1.53,1.64,-500.27,-20.72,-144.24,0.63,1.94,0.99,-500.27,23.19,-249.71,0.5,2.36,1.7,-500.27,118.98,-178.47,0.32,1.55,1.88,-500.27,103.44,-74.38,0.25,0.87,2.43,-500.27,50.55,9.92,0.08,-0.63,1.73,-500.27,49.88,2.79,0.33,-0.79,1.76,-500.27,91.95,-32.6,0.35,-1.19,1.72,-500.27,147.02,-93.82,0.46,-0.89,1.7,-500.27,113.85,-48.93,0.22,-1.39,1.54,-315.77,77.8,-15.53,0.34,-1.1,1.75,-207.88,-17.83,19.69,0.3,-1.47,1.11,-154.87,-36.17,57.01,0.28,-1.55,1.25,-112.11,2.44,74.7,0.2,-1.63,1.35,-3.8,18.44,63.27,0.22,-1.66,1.44,187.71,-1.11,47.5,0.25,-1.56,1.7,500.26,-49.65,45.25,0.25,-1.26,1.97,500.26,-189.8,78.56,0.47,-0.85,1.8,500.26,-287.5,146.6,0.25,-0.52,1.65,500.26,-248.73,118.05,0.14,0.23,1.94,500.26,-182.6,32.76,0.27,0.91,1.96,500.26,-10.23,31.51,0.36,1.31,1.87,500.26,-53.21,43.73,0.51,1.71,1.47,500.26,-96.18,73.82,0.67,2.17,1.4,500.26,-67.25,141.07,0.65,1.69,1.22,500.26,-57.37,110.37,0.53,1.43,0.89,295.51,-68.99,33.15,0.61,1.76,0.67,294.93,-15.71,-4.23,0.64,1.9,0.65,248.41,-9.66,-7.25,0.66,2.04,0.5,187.45,-17.65,-15.19,0.66,1.89,0.32,123.07,-0.56,-14.06,0.7,1.99,0.31,49.02,44.69,-23.01,0.72,1.65,0.89,-251.62,92.89,-69.22,0.59,1.93,1.01,-500.27,61.77,-117.53,0.59,1.71,1.34,-500.27,19.65,-194.17,0.53,1.98,1.26,-500.27,71.77,-253.68,0.44,2.32,1.42,-500.27,148.08,-115.25,0.02,0.99,2.61,-500.27,232.75,10.06,-0.06,-0.03,2.36,-500.27,29.07,-42.35,0.35,-0.08,2.07,-500.27,-15.44,-30.09,0.42,-0.41,1.72,-500.27,13.31,17.5,0.24,-1.05,1.51,-500.27,48.44,67.94,0.22,-1.65,1.59,-500.27,103.42,5.85,0.19,-1.52,1.79,-373.24,31.77,-30.69,0.27,-1.45,1.4,-248.08,-7.24,-51.94,0.32,-1.18,1.53,-88.37,4.0,-28.43,0.26,-1.45,1.33,-25.1,-22.27,25.3,0.3,-1.41,1.22,107.76,11.47,44.64,0.22,-1.63,1.72,331.73,-11.86,47.28,0.15,-1.72,1.96,500.26,-97.69,20.98,0.25,-1.56,1.94,500.26,-207.39,1.34,0.28,-0.57,1.98,500.26,-214.03,13.6,0.23,-0.8,1.49,500.26,-218.2,-12.63,0.3,0.44,1.72,500.26,-182.6,-24.34,0.42,0.73,1.36,500.26,-87.74,-6.24,0.46,1.16,2.01,500.26,-40.7,19.02,0.59,1.64,1.62,500.26,-79.08,44.89,0.64,1.7,1.3,500.26,-72.08,67.76,0.66,1.83,1.05,500.26,-68.47,49.05,0.62,1.71,0.73,500.26,3.37,26.08,0.83,2.21,0.87,326.47,105.31,-24.92,0.6,1.75,0.74,206.99,-8.75,-0.52,0.66,2.01,0.71,195.85,9.53,-15.71,0.63,1.95,0.57,181.73,0.38,-1.02,0.62,1.76,0.54,109.92,-3.66,-23.01,0.66,1.92,0.53,-2.87,13.45,-39.21,0.67,1.7,1.51,-397.8,3.19,-86.95,0.63,1.76,1.32,-500.27,-80.56,-203.65,0.68,2.37,0.7,-500.27,28.17,-188.6,0.44,1.94,1.42,-500.27,24.08,-130.58,0.27,1.21,2.08,-500.27,57.66,-49.74,1
-0.41,-3.95,0.02,-46.99,-281.3,-338.92,-0.22,-2.27,-0.21,42.17,-246.61,-467.39,-0.1,-1.35,-1.83,-0.66,-304.35,-500.27,0.5,1.12,-2.71,-67.8,-88.53,-500.27,2.82,4.0,-1.38,-450.76,500.26,-429.39,3.62,4.0,3.74,86.75,500.26,32.26,2.32,4.0,4.0,291.77,238.37,263.21,1.83,2.04,3.14,-38.99,-60.92,459.88,1.03,-0.08,3.4,9.33,-41.56,500.26,0.28,-2.55,3.1,57.34,-180.9,500.26,-0.2,-4.0,2.15,-65.3,-242.29,323.68,-0.71,-4.0,1.03,-43.3,-382.75,-77.56,-0.46,-4.0,0.24,69.69,-277.59,-425.5,-0.26,-1.93,-1.16,49.24,-304.49,-500.27,-0.02,-0.02,-2.99,-23.33,-367.36,-500.27,2.21,4.0,-4.0,-500.27,-263.65,-449.27,3.67,4.0,1.75,32.66,500.26,250.12,1.5,4.0,4.0,358.35,500.26,313.92,1.11,3.09,4.0,46.12,-33.3,464.79,0.27,-0.28,3.23,52.55,-245.59,500.26,-0.29,-1.94,3.79,56.15,-225.79,500.26,-0.69,-4.0,3.04,-6.03,-300.58,380.05,-0.92,-4.0,1.83,-77.6,-370.82,13.01,-0.96,-4.0,0.66,-6.75,-500.27,-346.15,-0.62,-2.7,-0.88,-49.69,-500.27,-500.27,-0.47,-0.93,-2.74,-50.4,-500.27,-500.27,0.7,2.83,-4.0,-362.87,44.82,-500.27,4.0,4.0,-0.57,-500.27,500.26,-81.25,2.39,4.0,4.0,-37.63,500.26,365.28,1.79,4.0,4.0,-142.73,-85.37,500.26,0.59,0.14,3.15,-2.15,-121.19,500.26,-0.43,-2.33,3.26,134.85,-236.06,500.26,-0.58,-4.0,2.7,-73.3,-203.76,436.81,-0.98,-4.0,2.32,-35.19,-263.6,54.53,-0.89,-4.0,1.17,4.69,-404.38,-297.98,-0.72,-3.25,0.17,139.44,-436.05,-500.27,-0.55,-1.35,-1.88,4.73,-500.27,-500.27,0.64,3.38,-3.52,-500.27,-348.56,-500.27,4.0,4.0,-2.03,-500.27,500.26,-139.82,3.31,4.0,4.0,76.03,500.26,275.69,2.42,4.0,3.12,57.71,92.03,406.17,1.47,1.26,3.04,184.32,69.95,500.26,0.42,-0.94,3.81,214.34,-24.29,500.26,-0.38,-4.0,2.93,103.59,56.24,500.26,-1.0,-4.0,3.34,-14.93,-191.85,120.67,-0.73,-4.0,2.26,4.95,-339.76,-222.6,-0.57,-3.45,0.81,34.47,-413.33,-433.63,-0.45,-1.88,-0.82,-2.06,-500.27,-500.27,-0.01,0.44,-2.98,-112.95,-421.51,-500.27,2.89,4.0,-4.0,-500.27,-53.65,-500.27,4.0,4.0,0.93,-471.31,500.26,140.56,2.56,4.0,3.44,76.31,334.44,314.11,1.95,2.65,2.54,10.46,210.27,473.4,1.14,0.46,3.32,179.1,351.71,500.26,-0.29,-2.44,4.0,360.35,238.93,500.26,-0.79,-4.0,4.0,157.83,-147.21,418.05,-0.68,-4.0,2.98,-31.77,-281.48,-3.88,-0.42,-4.0,2.07,74.11,-381.22,-241.05,-0.56,-2.98,0.87,117.05,-475.22,-421.02,-0.56,-1.66,-1.39,-128.52,-500.27,-500.27,-0.28,0.78,-3.17,-349.33,-500.27,-500.27,2.2,4.0,-4.0,-500.27,454.5,-389.68,3.8,4.0,0.84,-350.79,500.26,117.91,1.87,4.0,4.0,250.17,500.26,286.17,1.73,2.74,3.67,222.5,182.27,430.66,1.05,0.29,3.58,331.62,152.93,500.26,0.28,-1.44,4.0,215.8,49.07,500.26,-0.66,-4.0,4.0,-10.2,-60.2,469.94,-0.74,-4.0,2.86,-54.92,-299.66,94.47,-0.7,-4.0,1.72,-12.9,-441.24,-213.89,-0.63,-3.07,0.69,94.09,-438.95,-435.33,-0.55,-1.66,-1.29,-22.37,-500.27,-500.27,-0.45,1.09,-3.08,-348.41,-500.27,-500.27,3.52,4.0,-3.68,-500.27,500.26,-173.94,3.94,4.0,1.35,-34.72,500.26,215.33,2
1.07,-2.63,0.58,-26.66,-226.63,30.61,1.02,-2.42,-0.01,-34.2,-171.24,-104.43,1.06,-1.61,-0.18,-48.52,-126.41,-198.61,1.01,-1.15,-0.86,-75.34,-70.29,-238.78,1.11,-0.35,-1.46,-142.96,130.23,-264.92,1.66,1.1,-0.8,-166.7,270.49,-216.15,2.66,2.77,0.36,-113.53,349.04,-78.84,3.23,2.12,2.21,71.31,274.63,53.01,2.9,1.66,2.34,93.85,-51.19,164.52,2.54,0.44,1.54,-9.21,13.63,272.15,2.25,-0.6,1.86,-9.51,-68.89,270.6,1.76,-1.89,1.86,60.49,-175.19,211.98,1.24,-2.76,1.09,42.6,-218.78,82.87,1.0,-2.84,0.29,-2.64,-222.02,-65.44,0.9,-2.43,-0.14,-29.69,-160.2,-200.44,0.81,-1.54,-0.65,-52.46,-118.12,-282.64,0.82,-0.57,-1.84,-101.48,34.21,-303.5,1.37,1.11,-1.01,-140.49,253.85,-283.76,2.99,3.67,0.04,-152.43,315.62,-77.08,3.38,3.12,2.36,7.57,224.24,112.93,2.96,2.23,1.66,-31.05,35.57,298.5,2.53,0.79,1.68,-26.9,36.63,377.71,2.06,-0.79,1.7,66.9,-60.38,377.01,1.42,-2.46,1.6,122.12,-145.51,290.58,0.97,-3.42,1.09,102.03,-176.67,114.11,0.85,-3.46,0.76,10.75,-158.58,-64.44,0.84,-2.74,0.46,-9.65,-140.52,-218.93,0.75,-1.79,-0.43,-30.03,-141.57,-320.73,0.85,-0.78,-1.0,-98.0,11.3,-351.8,1.26,0.73,-0.85,-188.32,162.43,-321.63,2.6,3.32,-0.37,-284.14,320.82,-132.55,3.23,2.71,1.47,-73.44,197.1,78.58,2.89,2.18,1.31,-11.73,109.36,176.03,2.58,1.02,1.52,-27.39,98.5,264.4,2.4,-0.13,1.7,-9.39,27.51,298.41,1.95,-1.59,1.96,139.68,-92.35,258.44,1.51,-2.49,1.5,151.74,-177.28,152.76,1.17,-2.89,0.87,79.4,-185.48,17.89,1.14,-2.57,0.57,1.11,-164.92,-101.02,1.11,-1.93,0.21,-24.61,-140.64,-198.73,1.01,-1.22,-0.49,-42.43,-107.19,-249.02,1.11,-0.23,-1.42,-101.05,30.14,-252.98,1.58,1.08,-0.71,-183.65,203.28,-196.6,2.72,2.77,0.24,-215.68,313.79,-32.27,3.03,2.08,1.58,19.59,170.81,95.91,2.79,1.32,1.73,77.16,74.02,195.63,2.5,0.35,1.63,30.53,7.48,248.85,2.22,-0.89,1.84,9.62,-18.95,266.08,1.77,-2.2,2.09,93.91,-146.21,184.72,1.23,-2.87,0.92,101.25,-208.93,57.25,1.0,-2.8,0.29,18.69,-164.89,-75.22,0.98,-2.34,0.22,2.08,-117.82,-197.37,0.89,-1.44,-0.62,14.89,-88.17,-275.97,0.98,-0.44,-0.94,-28.73,54.12,-302.06,1.51,1.15,-0.61,-122.73,170.23,-259.19,2.81,3.51,0.21,-253.91,276.92,-47.51,3.14,2.44,1.62,-81.59,174.7,137.21,2.79,1.81,1.21,-54.2,92.5,253.88,2.58,0.49,1.9,-39.04,66.02,317.77,2.11,-1.17,2.18,107.92,-82.41,300.09,1.61,-2.31,1.54,177.59,-156.9,201.28,1.12,-3.13,1.13,123.6,-180.6,76.79,1.0,-3.12,1.01,24.31,-169.77,-54.64,0.91,-2.54,0.36,-30.21,-142.46,-176.34,0.8,-1.87,-0.15,-51.69,-139.6,-268.85,0.85,-0.66,-1.06,-85.57,-29.94,-297.02,1.06,0.34,-1.29,-125.98,145.33,-289.59,2.25,2.54,-0.08,-217.71,301.33,-158.0,3.04,2.72,1.24,-80.61,221.37,27.5,2.98,2.15,1.58,-22.15,159.69,157.83,2.78,1.17,1.85,-20.05,76.79,231.69,2.3,-0.14,1.78,49.88,-1.56,258.76,1.98,-1.39,1.84,131.28,-75.94,221.37,1.51,-2.48,1.61,194.95,-168.95,123.59,1.26,-2.71,1.27,70.29,-169.33,18.72,2
0.63,-2.48,-0.58,14.38,-225.54,-157.34,0.71,-1.55,-1.22,-90.92,-93.62,-262.5,0.79,-0.59,-1.89,-139.89,93.57,-313.33,1.3,1.11,-0.88,-199.27,291.86,-289.94,1.96,2.25,-0.09,-170.14,462.63,-199.31,2.94,3.26,2.13,-129.13,392.31,-13.21,2.79,2.32,3.71,-3.01,87.28,97.4,2.64,1.55,3.06,-1.16,7.02,215.28,2.35,0.47,2.59,6.56,-122.43,270.67,2.13,-0.52,3.27,81.8,-219.19,274.11,1.46,-1.61,2.57,-5.59,-433.04,240.76,1.11,-2.39,0.34,-112.35,-401.48,116.53,0.93,-2.55,-0.73,-46.79,-236.18,-46.73,0.7,-2.17,-1.01,-59.36,-142.66,-185.34,0.63,-1.51,-1.58,-74.7,27.25,-283.4,0.67,-0.36,-1.97,-68.95,161.4,-320.41,0.95,1.22,-1.99,-69.37,373.01,-279.04,1.81,3.54,-0.32,-250.58,500.26,-99.82,3.12,2.63,4.0,-69.15,500.26,101.59,2.87,2.29,4.0,66.02,-131.62,255.73,2.43,0.49,2.52,59.01,-235.24,331.71,1.91,-0.97,2.67,128.69,-204.52,299.31,1.42,-2.09,1.83,71.8,-271.53,232.12,1.09,-2.8,1.7,44.63,-309.69,74.96,0.86,-2.71,0.29,17.85,-293.6,-77.71,0.75,-2.29,-0.3,-14.2,-197.79,-219.65,0.63,-1.4,-1.1,-86.55,-125.16,-311.57,0.8,0.12,-2.29,-153.16,68.92,-304.02,1.34,1.59,-1.54,-156.69,375.05,-228.66,2.22,3.62,-0.22,-154.9,487.82,-55.53,3.0,3.25,3.4,-36.32,473.8,110.24,2.78,2.18,4.0,18.21,70.63,226.95,2.3,0.62,3.12,-16.85,-39.04,336.27,1.97,-0.69,2.77,32.61,-146.72,310.67,1.42,-2.09,1.88,103.57,-240.52,222.23,1.06,-2.99,1.41,105.95,-239.79,74.27,0.9,-2.74,0.77,29.04,-219.36,-63.54,0.87,-2.19,0.12,-46.17,-154.23,-190.73,0.77,-1.39,-0.59,-77.5,-128.44,-272.76,0.95,0.09,-1.49,-144.34,36.96,-280.81,1.71,2.47,-0.94,-218.82,307.3,-170.43,2.98,3.02,1.4,-20.02,332.82,19.37,2.89,2.98,2.51,24.27,210.78,169.88,2.59,1.57,2.72,-28.53,16.03,293.68,2.11,-0.23,2.46,-4.08,-46.89,317.19,1.7,-1.59,1.83,113.11,-85.3,256.34,1.21,-2.79,1.58,158.78,-183.33,116.41,0.97,-3.13,1.16,74.98,-141.66,-32.24,0.95,-2.54,0.68,27.08,-136.24,-158.38,0.79,-1.87,0.02,4.49,-122.9,-258.85,0.74,-1.0,-0.76,-72.76,-20.53,-309.8,0.92,0.22,-1.06,-134.31,181.3,-310.18,1.76,2.73,-0.6,-253.19,315.95,-149.89,2.91,3.48,0.65,-152.87,482.18,76.37,2.81,2.3,3.92,63.73,213.19,186.06,2.32,0.98,2.23,23.27,119.42,233.73,2.14,-0.1,3.0,21.56,-6.87,259.74,1.79,-1.04,2.46,74.52,-65.04,238.44,1.45,-2.24,2.74,149.24,-180.49,134.49,1.08,-2.71,1.77,113.21,-210.02,3.1,0.99,-2.27,0.89,25.37,-186.89,-111.51,0.99,-1.73,0.56,-45.85,-126.38,-187.89,0.94,-1.04,-0.02,-93.8,-94.52,-245.74,0.96,-0.19,-0.56,-153.15,-8.17,-260.64,1.33,1.19,-0.96,-224.52,169.1,-203.08,2.04,2.68,0.23,-229.31,316.0,-67.04,2.75,2.91,1.83,-130.52,341.44,123.11,2.52,1.76,2.86,37.11,115.62,206.4,2.12,0.7,2.23,31.08,68.52,243.21,1.87,-0.33,2.54,9.5,11.48,265.13,1.65,-1.5,2.57,79.37,-59.57,210.73,1.27,-2.55,2.36,114.63,-139.88,102.66,1.01,-2.79,1.6,129.73,-193.88,-38.26,0.95,-2.25,1.0,51.27,-166.58,-142.4,0.99,-1.65,0.65,-7.16,-122.2,-224.31,2
0.22,0.02,2.17,-0.63,-4.29,-1.33,0.22,0.04,2.26,-0.18,3.07,-4.56,0.22,0.05,2.33,-8.96,-10.18,-4.56,0.22,0.03,2.19,-15.08,-15.16,-5.33,0.25,0.03,2.06,-13.51,-9.48,-3.89,0.26,-0.02,2.06,0.7,-1.13,-1.22,0.27,-0.0,2.06,-1.05,11.15,-3.02,0.26,-0.01,2.12,-1.65,12.29,-2.17,0.26,0.04,2.17,-5.66,20.0,-5.73,0.24,0.01,2.31,6.73,6.58,-3.98,0.23,-0.0,2.17,7.01,6.81,-8.43,0.25,0.0,2.14,8.34,23.21,-15.25,0.27,0.06,2.27,12.02,13.01,-11.6,0.26,0.08,2.37,34.0,-2.02,-1.18,0.26,0.09,2.38,38.32,-2.26,5.47,0.28,0.14,2.54,29.5,-24.85,11.21,0.28,0.09,2.72,-4.55,-56.96,8.89,0.36,0.18,3.16,-74.43,-158.95,5.53,0.43,0.17,3.09,-66.63,-294.56,-2.52,0.53,0.9,2.79,-23.98,-361.11,54.08,0.32,0.15,2.21,9.04,-338.17,89.16,0.64,0.21,2.37,-60.73,-253.07,121.59,0.7,0.06,2.72,-56.43,-284.26,117.18,0.73,0.01,2.43,40.34,-403.62,109.77,0.64,-0.05,1.56,-88.89,-355.5,104.55,0.89,0.07,3.52,-46.99,-420.0,93.31,0.95,0.13,1.95,-50.58,-425.69,84.76,1.17,0.11,1.46,-46.66,-293.08,99.89,1.06,-0.18,2.78,-2.78,-414.98,104.18,1.18,-0.03,2.99,22.81,-500.27,85.69,0.98,0.06,0.92,114.38,-500.27,125.01,1.68,-0.26,0.72,78.58,-320.52,140.49,1.45,-0.34,1.65,25.05,-477.56,185.97,1.38,-0.12,1.23,-76.79,-372.53,181.91,1.41,-0.27,0.54,-82.26,-367.19,160.38,1.25,-0.55,-0.85,-213.91,-248.53,168.11,1.37,-0.84,0.72,-94.9,-171.71,98.67,1.12,-1.13,-0.75,-77.22,-156.84,47.1,1.2,-1.13,-0.69,-50.72,-23.63,-7.73,1.07,-1.24,-1.09,-64.05,52.99,-45.34,1.04,-1.24,-0.92,-113.92,239.24,-116.66,1.11,-0.73,-0.9,-71.73,379.82,-145.57,2.26,0.26,1.09,208.41,500.26,-200.38,3.01,1.21,4.0,500.26,198.98,-141.42,2.12,1.61,4.0,195.71,-500.27,32.61,2.18,0.13,2.02,-20.67,-348.15,147.85,1.81,-0.86,-0.14,-206.05,-299.45,189.62,1.09,-2.23,-0.84,-169.97,-141.27,77.5,0.35,-3.06,-0.87,-141.76,-30.18,-101.71,0.42,-1.3,-2.35,-183.24,-34.41,-291.27,0.83,0.19,-2.31,-135.1,382.47,-299.39,1.64,3.07,-2.22,-73.01,500.26,-146.44,3.77,3.86,4.0,500.26,500.26,124.52,2.77,3.96,4.0,500.26,125.08,201.63,2.17,2.37,4.0,-181.63,-245.91,500.26,0.5,-1.43,2.85,-343.77,-309.53,500.26,-0.04,-3.69,1.51,-370.96,-269.1,320.52,-0.68,-4.0,-0.45,-218.47,-348.9,5.15,-0.91,-4.0,-1.07,21.57,-268.21,-347.15,-0.58,-2.1,-2.12,83.56,-204.7,-500.27,-0.34,-0.56,-3.51,15.51,-84.89,-500.27,1.76,3.99,-3.57,-262.03,395.34,-364.12,4.0,4.0,4.0,388.85,500.26,88.87,3.66,4.0,4.0,257.33,-279.98,133.33,2.16,2.44,4.0,-110.03,-273.6,500.26,0.8,-0.56,3.43,-206.95,-347.36,500.26,-0.28,-3.65,0.07,-294.29,-279.88,409.27,-0.77,-4.0,-0.37,-218.98,-168.78,110.2,-1.06,-4.0,-0.39,-134.85,-145.28,-261.71,-0.45,-2.3,-1.51,-91.25,-47.45,-470.92,-0.15,-0.63,-2.58,-45.47,33.22,-500.27,3.11,4.0,-0.71,-44.35,500.26,-500.27,4.0,4.0,4.0,264.64,462.29,-64.61,3.71,4.0,4.0,77.37,-83.77,135.25,2.52,2.18,3.5,-172.85,45.11,500.26,2
0.32,-0.2,2.27,10.02,-3.73,1.45,0.32,-0.18,2.23,11.79,-14.31,2.69,0.34,-0.14,2.07,4.82,-11.56,0.89,0.36,-0.14,2.13,11.54,-2.82,6.98,0.34,-0.15,2.23,10.15,-5.21,4.99,0.34,-0.18,2.23,18.06,-14.49,3.73,0.35,-0.14,2.23,5.5,-8.84,3.86,0.36,-0.16,2.15,5.48,-15.01,5.63,0.35,-0.17,2.13,14.99,-9.02,1.37,0.35,-0.15,2.11,-0.08,-3.04,-0.64,0.36,-0.16,2.16,-1.86,-3.33,-2.41,0.38,-0.14,2.18,-0.49,1.5,-2.38,0.39,-0.16,2.17,8.03,-2.95,-3.28,0.41,-0.17,2.23,14.47,-4.44,-5.01,0.44,-0.25,2.27,19.83,2.31,-3.37,0.38,-0.21,2.74,24.6,-63.57,-10.29,0.45,-0.17,3.03,14.44,-101.56,-21.91,0.49,0.16,4.0,19.6,-154.17,-32.58,0.46,0.25,4.0,94.15,-500.27,5.1,0.24,-0.03,2.77,269.91,-500.27,52.56,0.5,0.18,2.11,100.41,-500.27,73.83,0.86,1.0,2.79,-19.51,-481.91,189.15,0.48,0.12,3.23,-20.89,-500.27,266.95,0.26,0.2,1.62,-331.53,-500.27,257.47,0.72,-0.84,0.22,-500.27,-463.34,161.04,0.84,-0.53,0.72,-453.68,-500.27,41.19,1.21,-0.24,-0.03,-286.85,-392.4,5.11,1.18,-0.55,0.56,-31.45,-379.13,-11.1,1.35,-0.97,-0.31,70.66,-407.5,18.72,1.34,-0.77,-0.57,103.42,-173.3,-8.81,1.25,-1.02,-0.76,167.19,-74.79,-72.14,1.12,-0.87,-1.22,157.76,11.62,-135.13,1.4,-0.22,-0.81,110.24,230.82,-154.58,1.32,0.57,-1.19,26.99,338.76,-124.95,3.1,1.51,1.57,227.13,500.26,-15.34,2.3,1.51,4.0,500.26,181.66,-12.72,1.94,0.99,4.0,57.28,-126.89,194.5,1.74,-0.34,2.24,-235.04,-191.57,239.31,1.36,-1.45,0.96,-308.69,-191.97,195.04,0.87,-2.84,-0.16,-223.42,-137.19,96.67,0.31,-3.48,-0.06,-93.79,-20.79,-123.02,0.5,-2.04,-1.17,36.73,-10.7,-292.21,0.57,-0.1,-2.17,93.66,175.18,-360.44,1.23,2.01,-2.18,110.84,468.49,-283.62,3.37,4.0,1.58,80.75,500.26,105.1,2.73,1.71,4.0,497.47,300.47,152.64,1.9,2.37,4.0,-13.04,-58.81,309.34,1.12,-1.45,4.0,-131.3,-172.37,382.44,0.52,-2.27,2.95,-189.22,-427.8,242.9,0.35,-3.03,-0.1,-164.2,-386.34,126.03,0.02,-4.0,-0.45,-93.62,-188.43,-91.36,-0.07,-2.86,-1.05,2.15,-144.7,-332.72,0.21,-1.04,-2.2,34.9,-7.57,-417.42,0.73,1.16,-2.41,-22.95,342.6,-374.37,2.78,4.0,1.36,-158.37,500.26,-172.32,3.65,3.88,4.0,-30.6,500.26,166.06,2.49,2.43,4.0,-104.78,-111.33,237.57,1.58,0.28,3.07,-154.6,-132.44,375.73,0.74,-1.78,3.13,88.43,-261.27,295.48,0.2,-3.08,2.41,257.4,-427.19,181.15,-0.23,-3.88,0.02,80.87,-370.23,15.53,-0.23,-3.86,-0.32,-118.67,-159.76,-239.25,0.34,-1.57,-1.07,-109.44,-56.79,-367.05,0.46,-0.25,-2.43,-99.62,-39.62,-363.34,1.47,4.0,-2.39,-190.79,396.14,-261.42,4.0,4.0,3.27,48.9,500.26,200.82,2.85,3.46,4.0,-84.24,18.58,200.49,1.99,1.25,4.0,-126.11,-50.0,399.69,1.05,-1.64,4.0,102.03,-136.93,334.81,0.42,-2.81,3.47,315.16,-361.71,211.11,0.05,-3.47,1.65,50.81,-384.82,58.79,0.07,-3.76,-0.15,-65.33,-274.02,-130.61,0.13,-2.58,-0.11,-102.63,-124.46,-304.58,0.34,-1.24,-0.93,-52.49,-25.21,-403.65,0.48,0.36,-2.04,-29.11,24.38,-384.38,2
1.17,0.12,2.17,-2.49,-297.33,46.47,1.18,0.38,3.12,21.01,-281.89,24.56,1.02,0.16,2.36,-72.35,-462.12,106.26,1.06,-0.35,1.31,-48.05,-414.89,92.73,1.31,-0.08,0.93,-29.8,-349.68,62.37,1.32,-0.43,1.16,-0.08,-308.89,59.88,1.36,-0.58,1.02,-62.95,-286.4,52.93,1.15,-1.29,0.49,-62.18,-253.68,34.96,1.1,-1.57,-0.33,-129.31,-150.23,-28.66,1.02,-1.66,-0.08,-145.66,0.49,-137.24,1.2,-1.06,-0.78,-25.18,42.76,-197.83,1.17,-0.19,-1.22,76.14,299.13,-225.05,1.06,0.98,-1.44,77.95,448.09,-180.7,1.3,2.39,0.72,-90.27,500.26,-47.1,1.65,1.7,4.0,-9.69,500.26,71.36,1.71,1.35,4.0,145.05,228.64,56.46,1.79,1.67,4.0,132.17,-187.34,155.79,1.38,0.68,2.66,118.69,-203.77,271.59,1.2,-0.53,2.67,103.86,-157.91,284.96,0.77,-1.76,3.11,94.67,-353.5,218.03,0.6,-2.61,1.26,19.5,-373.98,99.36,0.65,-2.77,0.33,-56.08,-246.64,-65.69,0.63,-2.45,0.11,-75.21,-133.1,-218.84,0.73,-1.39,-0.67,-62.58,-100.4,-294.47,0.9,-0.19,-1.9,-72.75,82.75,-284.53,1.19,2.01,-1.16,-192.72,451.27,-227.54,2.37,4.0,2.3,-308.92,500.26,-10.38,2.45,3.11,4.0,-48.14,433.01,173.28,1.74,2.07,4.0,-99.48,-121.22,257.92,1.35,0.09,2.63,25.76,-177.05,317.34,0.93,-1.38,2.45,191.65,-248.31,288.03,0.43,-2.8,2.52,158.23,-306.26,211.71,0.21,-3.61,1.1,-63.65,-257.33,15.88,0.43,-3.15,0.44,-91.6,-201.51,-194.18,0.69,-2.14,0.06,-58.63,-142.27,-311.24,0.89,-0.59,-1.11,59.97,-143.04,-316.0,1.05,0.94,-2.17,-38.95,45.44,-277.15,2.09,4.0,0.59,-272.41,500.26,-147.54,2.48,3.44,3.39,-67.08,463.85,153.22,1.95,2.12,4.0,-81.98,246.0,217.39,1.7,1.19,4.0,-29.71,-55.85,313.47,1.0,-0.66,3.03,249.65,-159.8,332.12,0.69,-2.22,2.92,403.02,-219.21,259.89,0.46,-2.71,2.47,268.61,-306.55,139.36,0.48,-2.76,1.57,33.37,-232.38,4.98,0.63,-2.51,0.73,-87.76,-206.35,-132.06,0.66,-1.85,0.27,-86.61,-147.54,-258.38,0.85,-0.76,-0.72,-29.34,-144.03,-294.03,1.01,0.32,-1.55,-44.84,122.41,-312.08,1.95,3.71,0.09,-355.34,467.01,-216.38,2.77,3.87,3.1,-228.78,436.4,109.31,2.16,2.03,4.0,-107.01,205.83,218.61,1.71,0.8,3.37,-45.15,2.98,274.99,1.12,-1.21,3.31,232.17,-109.82,251.22,0.72,-2.1,2.97,365.57,-239.1,152.66,0.71,-2.31,1.51,145.1,-194.73,67.88,0.84,-2.08,1.54,-18.35,-161.92,-35.66,0.85,-1.68,0.98,-67.04,-138.9,-126.49,0.83,-1.33,0.31,-24.37,-103.08,-228.43,0.98,-0.34,-0.69,-87.16,-15.89,-253.01,1.34,1.24,-0.35,-224.46,188.6,-237.19,2.14,2.91,0.77,-310.38,344.56,-76.26,2.16,2.29,2.07,-100.98,271.74,94.44,1.81,1.42,2.56,11.02,251.88,168.58,1.52,0.41,3.4,86.96,106.27,230.41,1.12,-0.84,3.25,199.68,-18.49,235.02,0.86,-1.72,3.11,249.66,-108.78,143.6,0.77,-2.03,2.41,208.34,-174.95,40.26,0.88,-1.58,1.75,51.48,-152.31,-43.19,0.98,-1.33,1.44,-24.32,-114.52,-102.27,1.11,-0.72,0.88,-56.89,-96.24,-152.03,1.21,-0.21,0.41,-68.03,-20.23,-168.5,1.5,0.91,0.78,-169.73,103.8,-164.02,2.01,2.0,1.54,-233.22,148.92,-61.59,2.12,1.71,2.34,-141.31,113.21,60.89,2
0.34,1.0,3.14,269.37,500.26,-118.05,0.27,0.73,4.0,290.26,500.26,-101.88,0.23,1.48,4.0,74.17,-133.48,-31.63,0.43,1.02,4.0,-126.79,-500.27,90.81,0.77,1.33,4.0,92.47,-500.27,119.51,0.33,0.35,1.84,137.88,-500.27,171.86,0.88,-0.57,-0.43,-247.97,-500.27,147.19,1.28,-0.6,-1.53,-338.69,-363.16,148.18,1.17,-1.26,-1.21,-211.68,-48.99,114.72,1.09,-1.3,-1.27,-150.55,90.41,35.57,0.96,-1.14,-1.24,7.44,212.73,-15.47,0.57,-1.16,-1.37,107.54,364.52,-99.05,0.19,-0.31,-1.2,142.31,500.26,-174.26,-0.0,1.3,0.85,107.68,500.26,-135.88,0.13,1.28,4.0,343.22,500.26,27.77,0.2,0.62,4.0,256.7,279.36,-1.51,0.37,1.02,4.0,-5.19,-387.3,-24.41,0.91,1.22,4.0,-38.93,-382.09,38.56,0.71,1.3,4.0,174.29,-500.27,99.6,0.46,0.98,2.72,139.86,-500.27,211.45,0.55,-0.22,0.4,-83.08,-500.27,224.08,0.96,-0.85,-0.93,-295.62,-470.12,162.78,1.16,-1.18,-1.65,-328.89,-272.14,95.28,1.08,-1.53,-1.46,-238.02,64.24,43.83,0.91,-1.53,-1.47,-122.98,185.73,-9.1,0.54,-1.61,-1.5,27.71,328.27,-95.47,0.25,-0.74,-1.32,71.44,500.26,-193.73,-0.01,0.79,-0.17,144.0,500.26,-179.02,0.2,2.08,3.89,177.57,500.26,5.11,-0.66,0.24,4.0,302.75,500.26,133.4,-0.33,1.27,4.0,90.82,-494.31,17.19,0.39,1.04,3.83,-63.59,-500.27,63.02,0.97,0.81,2.13,110.17,-500.27,8.93,1.03,0.71,1.98,260.15,-500.27,140.67,0.73,-0.27,0.71,-175.08,-485.04,125.24,1.1,-0.56,-0.56,-241.94,-500.27,125.63,1.22,-0.98,-0.92,-156.41,-104.32,63.82,1.26,-1.11,-1.15,-151.4,14.49,1.98,1.22,-1.05,-1.25,-71.16,161.57,-20.84,0.82,-1.06,-1.39,-0.75,340.52,-69.44,0.44,-0.4,-1.01,81.27,500.26,-83.37,0.12,0.7,0.45,140.76,500.26,-51.19,0.08,1.05,4.0,182.92,500.26,66.78,0.01,0.42,4.0,166.93,500.26,-20.2,0.46,1.07,4.0,-115.88,-302.0,-55.22,0.51,0.93,4.0,-79.31,-500.27,19.25,0.86,0.7,2.44,-47.54,-500.27,12.34,0.69,0.32,2.43,48.38,-500.27,89.45,0.81,-0.06,0.61,-55.74,-500.23,104.06,1.06,-0.59,-0.11,-176.02,-353.42,73.77,1.21,-0.86,-0.86,-115.13,-340.18,58.38,1.24,-1.0,-0.91,-72.32,-65.92,14.47,1.16,-1.05,-1.25,-40.53,62.82,-8.79,0.9,-1.11,-1.54,-7.19,247.18,-44.96,0.54,-0.66,-1.22,42.12,464.47,-62.9,0.45,0.42,0.54,84.2,500.26,-43.63,0.44,0.8,4.0,157.18,500.26,64.7,0.27,0.21,4.0,57.25,235.04,19.8,0.78,0.66,4.0,3.4,-307.91,-70.58,1.08,0.76,3.71,38.89,-347.08,-32.92,1.07,0.62,3.35,20.96,-442.24,16.92,0.98,0.31,2.21,9.97,-500.27,95.01,0.92,-0.41,1.04,-150.52,-386.87,75.94,1.18,-0.52,0.0,-119.91,-385.54,30.47,1.34,-0.84,-0.88,-96.5,-321.31,33.57,1.27,-1.06,-0.81,-99.28,-33.68,-3.24,1.18,-1.0,-1.28,43.1,87.22,-11.82,0.9,-1.05,-1.42,-1.19,285.54,-47.24,0.62,-0.5,-1.06,48.14,490.15,-64.15,0.56,0.59,1.07,157.83,500.26,-27.02,0.56,0.78,4.0,203.56,500.26,78.69,0.59,-0.14,4.0,54.06,175.73,-26.0,1.0,0.96,4.0,-44.99,-256.53,-53.86,1.19,0.66,4.0,-50.0,-229.27,-9.59,1.19,0.55,3.03,-67.24,-339.89,36.96,2
0.45,0.44,4.0,175.89,-301.98,333.95,0.03,-1.24,3.7,149.86,-433.31,282.12,0.03,-2.01,2.16,79.63,-380.56,146.87,0.26,-1.99,0.57,-121.25,-372.67,-25.02,0.59,-1.6,0.67,-147.31,-215.57,-95.5,0.68,-1.3,0.24,-164.61,-136.14,-161.01,0.95,-0.39,-0.38,-181.05,-71.97,-206.32,1.26,0.7,-1.11,-188.35,46.06,-149.62,1.48,1.84,-0.12,-191.6,392.11,-103.65,1.98,2.82,4.0,-23.22,485.97,53.37,1.44,1.51,4.0,233.24,3.34,213.66,0.8,0.77,4.0,130.14,-500.27,230.06,0.34,-0.34,2.8,37.39,-500.27,220.14,0.49,-0.67,1.64,-132.92,-480.95,165.59,0.83,-0.88,0.97,-240.53,-390.0,123.82,0.82,-1.3,0.31,-199.63,-428.58,93.01,0.87,-1.74,-0.68,-109.83,-327.57,27.89,0.95,-1.8,-1.23,-146.49,-160.89,-53.56,1.05,-1.5,-1.29,-57.24,3.56,-143.97,1.34,-0.53,-1.41,47.25,143.51,-164.0,1.53,0.75,0.57,-5.19,420.41,-212.99,2.26,1.94,3.88,-2.96,373.51,-66.66,2.13,1.52,4.0,52.23,-41.66,52.15,2.13,0.97,3.05,-70.63,-121.05,150.43,1.82,-0.02,2.63,-166.75,-163.91,205.15,1.38,-1.2,1.8,-82.24,-274.29,209.79,1.11,-2.09,0.77,-16.5,-201.57,100.99,1.03,-2.36,-0.12,84.2,-220.7,-2.81,0.89,-2.32,-0.6,164.34,-110.5,-129.63,0.99,-1.46,-1.67,137.89,10.98,-217.25,1.13,-0.34,-1.64,72.37,256.84,-246.26,1.72,2.28,0.08,-152.53,500.26,-214.4,2.38,3.14,4.0,68.92,455.07,24.27,1.95,2.06,4.0,74.03,-23.85,141.91,1.72,1.05,3.02,-104.85,-265.31,238.99,1.52,-0.43,2.7,-102.17,-250.26,267.11,1.01,-1.7,1.53,-41.8,-379.51,248.92,0.77,-3.02,0.25,-109.22,-263.71,124.14,0.78,-2.8,-0.13,-51.54,-239.3,-60.2,0.8,-2.24,-0.52,-19.42,-139.73,-182.66,1.13,-0.98,-1.34,-74.08,-8.4,-221.57,1.37,-0.2,-1.66,7.86,175.21,-229.85,2.0,2.05,1.26,-242.58,500.26,-255.1,2.81,2.64,4.0,-11.07,219.94,-28.64,2.35,2.02,3.37,42.29,-64.96,128.5,2.04,0.49,1.96,-45.56,-41.91,225.88,1.53,-0.9,2.5,5.15,-126.27,233.86,1.15,-2.19,1.87,108.35,-229.02,178.26,0.86,-2.83,0.55,99.71,-240.7,41.28,1.0,-2.25,0.2,64.29,-158.21,-103.27,1.08,-1.62,-0.5,118.75,-139.39,-172.76,1.31,-0.61,-1.5,28.49,-8.95,-186.63,1.44,0.1,-0.93,-4.0,266.84,-190.5,1.98,2.29,0.83,-289.48,500.26,-162.72,2.57,2.25,4.0,-8.12,299.5,60.79,2.14,1.66,3.28,-53.57,-67.37,151.37,1.98,0.34,2.52,-55.86,-81.19,224.93,1.65,-0.97,1.97,-72.14,-115.69,226.44,1.14,-2.2,1.87,20.46,-179.48,178.87,0.87,-2.91,1.06,84.31,-233.82,33.33,0.9,-2.47,0.16,76.89,-241.62,-101.6,1.08,-1.69,-0.4,116.14,-113.02,-195.07,1.23,-0.85,-1.11,21.51,-54.6,-199.47,1.44,-0.04,-1.4,-17.97,216.84,-211.1,1.95,2.31,0.8,-329.6,500.26,-205.66,2.86,2.66,3.79,-124.66,335.6,28.35,2.36,2.06,3.16,-5.18,-48.58,135.42,2.07,0.7,2.33,-57.24,-10.85,229.73,1.48,-0.7,2.27,-10.05,-87.59,257.28,1.05,-2.09,1.78,65.48,-160.32,216.24,0.8,-3.09,0.94,63.57,-199.22,94.87,0.87,-2.68,0.67,85.8,-160.55,-59.24,0.94,-2.1,0.22,109.91,-134.43,-158.55,1.14,-1.1,-0.58,47.02,-81.27,-204.35,1.36,-0.45,-1.04,37.44,103.37,-219.65,2
1.49,-1.13,0.62,43.04,-64.96,-63.66,1.41,-0.79,0.09,44.5,-22.84,-108.23,1.6,0.03,0.0,-3.13,18.18,-108.49,1.89,0.72,0.76,-13.19,95.91,-103.69,2.31,1.49,1.3,20.0,45.16,-50.5,2.51,1.78,1.2,6.4,52.63,43.86,2.45,1.3,1.34,-53.21,59.91,133.94,2.25,0.36,1.43,-44.06,19.65,180.23,1.99,-0.52,1.42,-12.26,-1.98,172.34,1.74,-1.26,1.41,11.04,-31.57,125.73,1.48,-1.8,1.31,12.76,-81.5,54.87,1.41,-1.86,1.11,29.63,-89.83,-42.72,1.31,-1.49,0.73,70.34,-109.4,-122.27,1.3,-0.65,0.24,44.56,-78.96,-157.85,1.53,0.26,-0.11,-10.09,-19.07,-141.1,1.98,1.06,0.19,-72.2,60.61,-71.51,2.35,1.58,0.78,-79.88,85.54,12.08,2.51,1.41,1.2,-58.84,84.47,86.92,2.39,0.78,1.62,-5.07,35.71,134.15,2.16,-0.1,1.57,19.95,0.24,152.61,1.78,-1.01,1.47,8.29,-9.45,120.24,1.57,-1.64,1.34,-13.28,-33.94,53.36,1.41,-1.72,1.01,-3.79,-67.5,-32.81,1.38,-1.36,0.67,19.22,-73.42,-107.16,1.41,-0.52,0.29,-1.76,-63.8,-143.71,1.75,0.6,0.04,-85.76,17.18,-111.22,2.15,1.13,0.1,-68.92,57.88,-26.11,2.3,1.09,0.77,-6.09,97.59,31.24,2.35,0.77,1.45,28.46,52.89,65.02,2.28,0.39,1.48,13.37,39.94,101.73,2.12,-0.47,1.84,33.13,-8.92,108.21,1.84,-1.33,1.7,64.2,-61.19,58.11,1.57,-1.73,1.18,57.79,-89.85,-16.17,1.43,-1.64,0.96,73.66,-86.2,-96.43,1.45,-0.84,0.56,24.95,-76.76,-134.66,1.54,0.0,0.18,-43.33,-28.56,-128.27,1.68,0.7,-0.33,-118.23,20.15,-74.47,1.85,0.84,0.04,-94.85,102.38,-19.11,2.11,1.05,0.68,-38.99,111.65,8.84,2.39,1.17,1.29,21.16,94.73,43.86,2.44,0.9,1.63,27.57,63.11,98.02,2.3,0.1,1.78,15.86,24.32,135.56,1.99,-0.76,1.69,11.22,-9.16,127.51,1.67,-1.51,1.41,28.76,-53.53,71.22,1.44,-1.77,1.0,17.02,-57.22,-13.45,1.4,-1.56,0.73,22.73,-63.27,-92.58,1.42,-0.93,0.42,26.34,-39.19,-138.37,1.53,-0.11,0.31,-43.19,-3.8,-134.29,1.85,0.69,0.25,-104.27,45.19,-74.35,2.28,1.2,0.78,-68.49,99.34,-18.35,2.48,1.27,1.29,-0.55,75.08,33.98,2.52,1.17,1.51,8.03,51.66,94.82,2.35,0.52,1.54,-6.67,26.08,149.51,2.09,-0.3,1.55,-3.33,-6.24,167.57,1.7,-1.23,1.37,20.4,-44.81,134.61,1.41,-1.88,1.08,18.53,-52.35,56.58,1.32,-1.88,0.93,28.81,-59.82,-34.53,1.34,-1.39,0.66,35.16,-60.31,-100.41,1.43,-0.6,0.45,-30.69,-20.7,-120.79,1.58,-0.02,0.23,-66.67,7.24,-106.9,1.76,0.38,0.12,-65.53,72.61,-88.99,2.22,1.02,1.1,-27.8,94.32,-57.19,2.48,1.36,1.15,15.56,61.71,7.34,2.45,1.05,1.47,20.87,67.04,85.28,2.28,0.34,1.76,13.34,24.7,134.99,2.0,-0.46,1.65,-7.94,-5.57,146.23,1.67,-1.31,1.41,-12.58,-43.24,110.2,1.43,-1.79,1.15,13.05,-56.92,29.31,1.36,-1.73,0.99,16.81,-67.07,-53.6,1.34,-1.31,0.65,40.17,-66.58,-112.08,1.41,-0.6,0.36,-16.5,-28.43,-131.65,1.55,0.02,0.28,-51.33,11.82,-117.71,1.83,0.54,0.32,-79.79,70.55,-90.27,2.21,1.09,0.77,-55.62,92.29,-49.53,2.44,1.29,1.21,2.31,74.4,9.56,2
-0.66,-1.06,1.5,-7.27,-8.41,-108.95,-0.47,-0.45,1.3,-8.61,18.49,-130.08,-0.28,0.31,1.49,17.51,89.18,-106.23,-0.3,0.8,1.84,23.83,100.14,-44.99,-0.39,0.98,2.39,23.88,119.56,10.15,-0.51,0.88,2.71,25.37,43.16,64.34,-0.68,0.43,2.71,-4.49,-1.4,102.99,-0.84,-0.3,2.48,2.37,-23.74,110.32,-0.94,-0.87,2.34,3.98,-42.7,87.89,-0.96,-1.25,2.14,25.73,-77.4,46.08,-0.92,-1.46,1.85,23.62,-66.82,-26.98,-0.7,-1.11,1.46,0.7,-48.47,-109.66,-0.5,-0.31,1.28,-27.77,6.14,-141.16,-0.38,0.4,1.35,-14.53,63.1,-124.34,-0.31,1.07,1.78,30.92,111.56,-65.13,-0.42,1.3,2.71,14.69,107.19,7.54,-0.61,1.02,3.0,9.33,-4.52,78.44,-0.71,0.42,2.63,3.63,-47.34,118.58,-0.88,-0.36,2.49,0.31,-56.18,115.13,-1.04,-1.11,2.43,4.96,-94.9,76.67,-1.0,-1.63,2.01,-5.25,-113.16,-8.38,-0.65,-1.1,1.4,-12.84,-80.37,-98.82,-0.47,-0.68,1.47,-33.31,-72.73,-132.23,-0.28,-0.02,1.11,-38.53,-18.21,-111.21,-0.13,0.73,1.12,8.11,60.82,-58.7,-0.14,1.1,1.78,54.29,85.04,12.95,-0.43,1.09,2.88,50.56,91.53,72.2,-0.77,0.66,3.44,36.76,-51.83,127.92,-0.92,-0.06,3.13,22.26,-93.3,114.73,-0.87,-0.44,2.69,-27.08,-150.41,101.94,-1.01,-1.4,2.04,-18.37,-179.56,59.15,-0.79,-1.53,1.63,-5.33,-99.53,-35.37,-0.54,-1.08,1.76,-59.59,-115.47,-114.82,-0.26,-0.38,1.17,-71.48,-85.28,-159.07,0.06,0.45,0.88,-95.51,23.97,-126.43,0.23,1.16,1.07,-28.84,121.05,-46.46,0.06,1.41,1.91,39.5,187.89,56.34,-0.35,1.21,3.62,74.81,93.86,142.92,-0.79,0.3,3.98,68.09,-82.11,173.27,-0.86,-0.41,3.21,60.35,-174.31,155.82,-1.01,-1.65,1.75,42.82,-178.14,82.31,-0.78,-1.62,1.83,1.36,-78.43,-46.23,-0.52,-1.14,1.94,-45.65,-58.15,-111.63,-0.25,-0.59,1.61,-68.53,-56.34,-146.87,0.04,0.19,0.93,-82.49,-1.08,-139.25,0.23,0.94,1.05,-20.43,92.15,-70.0,0.1,1.35,1.79,42.87,180.64,16.41,-0.27,1.45,3.87,86.53,94.58,114.81,-0.68,0.51,3.81,95.73,-87.98,156.06,-0.73,-0.04,3.3,79.68,-147.08,149.47,-0.76,-0.63,2.87,-7.21,-209.59,120.44,-0.85,-1.64,1.8,-15.1,-219.86,26.72,-0.6,-1.57,1.91,-68.21,-160.31,-62.06,-0.19,-0.77,1.87,-50.23,-158.89,-108.46,0.03,-0.16,1.64,-37.91,-173.66,-114.52,0.29,0.46,0.76,-7.69,-95.22,-100.76,0.57,1.28,0.95,9.62,-14.69,-18.09,0.52,1.67,2.14,-54.52,95.73,44.24,0.22,1.5,4.0,45.34,66.98,116.35,-0.11,0.82,4.0,76.5,-186.15,172.4,-0.29,0.13,3.93,80.35,-325.79,213.27,-0.57,-0.88,3.18,72.15,-469.04,216.26,-0.58,-1.92,1.7,110.73,-379.63,160.85,-0.47,-2.2,1.51,-46.31,-377.36,-36.9,0.21,-1.28,0.96,-209.42,-303.76,-213.31,0.7,-0.14,0.88,-199.16,-184.32,-220.98,0.92,0.41,0.92,-152.21,-96.24,-161.13,1.06,1.03,1.67,-48.35,-32.89,-93.5,1.12,1.23,3.14,-31.02,-82.23,-38.12,1.14,1.61,3.59,-33.21,-201.91,24.72,1.11,1.15,3.53,55.28,-351.62,123.56,1.0,0.51,2.29,-15.59,-437.94,163.22,0.8,-0.14,2.22,-30.21,-393.21,206.21,0.67,-0.99,1.26,-80.93,-357.51,180.44,0.8,-1.36,0.01,-107.59,-281.63,110.35,2
0.02,-0.22,2.4,54.11,28.37,-76.21,0.14,0.01,2.08,-60.93,95.44,-83.16,0.24,0.56,2.5,-107.08,184.98,-39.59,0.1,0.28,4.0,-57.3,31.51,6.78,0.09,0.23,4.0,-1.39,-120.44,34.79,-0.05,-0.34,3.07,72.85,-360.81,25.5,0.06,-0.33,1.61,34.03,-349.16,-51.66,0.42,0.13,2.27,-22.67,-156.72,-35.54,0.37,0.31,3.33,-65.16,-256.32,16.76,0.45,0.3,2.79,-88.53,-361.05,78.4,0.49,0.13,2.2,-96.82,-339.22,116.03,0.54,-0.24,1.97,-5.71,-345.86,119.3,0.59,-0.23,1.63,115.98,-342.47,110.5,0.75,-0.27,1.78,141.69,-275.07,86.69,0.77,-0.14,1.91,50.41,-359.8,69.82,0.91,0.05,1.81,55.8,-235.18,79.21,1.01,-0.27,1.63,52.24,-238.31,60.2,1.06,-0.19,1.86,-31.91,-209.74,32.58,1.07,-0.14,1.9,-62.73,-235.86,33.36,1.32,-0.11,1.68,19.83,-231.08,26.98,1.37,-0.21,1.87,-64.99,-225.76,14.26,1.36,0.16,2.25,-135.4,-200.76,1.98,1.24,-0.12,2.05,-133.27,-278.75,19.71,1.39,-0.29,2.3,2.23,-373.4,26.35,1.17,-0.81,0.97,-78.08,-419.44,-11.05,1.47,-0.63,-0.14,-207.08,-263.53,-50.43,1.61,-0.79,-0.08,-124.5,-168.78,-72.05,1.47,-1.0,-0.39,-20.78,-107.07,-93.47,1.35,-0.93,-1.21,25.85,-8.66,-158.52,1.56,-0.18,-0.94,110.49,216.32,-181.71,1.55,0.85,-1.54,45.8,256.38,-148.84,2.04,3.46,1.97,-340.72,500.26,-36.58,1.86,2.03,4.0,422.43,103.66,309.69,0.97,0.28,3.43,213.37,-76.17,299.07,1.32,0.08,3.88,-200.73,-259.5,311.74,1.11,-1.05,1.51,-279.08,-434.14,304.81,0.96,-2.38,0.23,-248.93,-281.16,211.27,0.75,-3.25,-0.62,-86.67,-270.21,35.13,0.64,-3.24,-1.28,90.09,-203.65,-141.19,0.71,-1.96,-1.72,160.61,-180.08,-283.15,0.78,-1.05,-2.13,166.26,58.72,-351.63,1.01,0.97,-2.05,54.08,327.76,-387.42,2.42,4.0,4.0,-131.88,500.26,-144.6,1.96,3.21,4.0,267.94,-421.04,208.7,1.39,1.59,4.0,-174.58,-122.02,257.62,1.6,0.22,3.58,-256.82,-242.84,302.37,1.01,-1.5,1.67,-55.19,-500.27,295.15,0.81,-2.91,-0.34,-41.18,-428.81,149.13,0.76,-3.54,-1.25,77.11,-246.24,-49.05,0.45,-3.14,-1.65,284.18,-206.43,-270.6,0.8,-1.63,-2.06,249.5,89.69,-375.39,0.86,0.05,-1.9,253.08,341.53,-431.01,1.79,4.0,1.68,-450.47,500.26,-334.95,2.73,4.0,4.0,17.15,496.7,93.1,1.77,2.18,3.16,110.6,-242.03,275.1,1.58,1.39,4.0,-219.04,-172.37,351.16,1.1,-1.06,2.17,-0.21,-388.72,399.4,0.69,-2.99,0.49,43.01,-358.93,276.82,0.6,-3.81,-0.39,-11.69,-225.88,40.6,0.44,-3.86,-0.96,225.53,-176.92,-182.72,0.63,-2.45,-1.61,175.56,-38.27,-326.44,0.86,-0.68,-1.91,170.89,36.09,-410.78,1.31,2.68,-0.47,-226.67,500.26,-416.43,2.99,4.0,4.0,-298.46,500.26,-95.76,2.13,3.21,4.0,-47.4,-148.66,223.97,1.76,1.54,3.71,-263.11,-92.55,314.92,1.58,0.31,2.58,-158.61,-161.54,367.22,0.89,-2.11,1.45,7.34,-331.63,293.45,0.59,-3.42,0.21,86.9,-323.65,125.01,0.43,-3.92,-0.45,150.78,-160.09,-100.99,0.5,-2.85,-1.27,159.95,-62.35,-286.06,0.88,-1.15,-1.5,97.95,134.89,-327.85,1.12,0.86,-0.9,-77.47,400.38,-395.42,2.85,4.0,4.0,-203.88,488.2,-217.05,2.68,3.96,3.96,1.85,-107.97,75.33,2
0.39,-0.12,2.8,1.22,-6.66,-17.74,0.43,-0.09,2.48,9.39,-35.08,-21.83,0.41,-0.03,2.15,-26.6,-67.89,-15.65,0.45,-0.03,1.98,-39.47,-53.97,-6.37,0.47,-0.02,2.34,-26.96,-20.9,-5.33,0.56,-0.14,2.4,-19.92,-114.34,2.66,0.51,0.02,2.24,10.73,-97.45,-7.13,0.57,0.07,2.67,12.23,-84.09,12.63,0.59,-0.09,2.55,7.66,-135.04,4.58,0.67,-0.07,2.59,-2.17,-176.12,4.63,0.71,0.05,2.5,-70.61,-202.49,16.55,0.84,-0.04,3.09,-78.47,-249.24,36.76,0.74,-0.19,3.2,-9.02,-391.79,29.8,0.64,-0.2,2.17,-42.76,-425.19,51.79,0.76,-0.32,1.5,-102.92,-376.4,47.36,0.97,-0.15,1.63,-119.48,-345.83,33.57,1.08,-0.26,1.51,-89.05,-319.92,58.67,1.08,-0.42,1.04,-71.66,-286.41,63.56,1.2,-0.59,1.4,-51.66,-243.1,65.02,1.24,-0.72,1.58,-0.47,-251.45,21.34,1.33,-0.59,1.31,41.95,-241.94,2.64,1.44,-0.41,1.01,67.42,-202.17,-18.02,1.56,-0.27,1.39,17.6,-161.33,0.23,1.6,-0.2,1.46,9.18,-170.49,-4.63,1.55,-0.39,1.56,2.66,-207.21,-0.2,1.66,-0.27,1.45,-37.71,-184.31,3.34,1.75,-0.36,1.32,10.11,-196.44,-4.08,1.68,-0.3,1.04,-10.53,-221.33,-7.44,1.73,-0.26,0.35,-63.69,-190.32,13.8,1.7,-0.55,0.45,-38.4,-133.88,15.94,1.65,-0.52,0.28,-49.95,-103.47,-5.73,1.63,-0.53,0.06,-44.89,-78.05,-15.74,1.61,-0.59,-0.58,-22.03,-35.08,-17.34,1.63,-0.48,-0.67,37.51,113.77,-26.6,1.48,-0.71,-0.54,78.46,175.39,-69.02,1.21,-0.53,-1.41,108.5,306.08,-114.15,1.33,1.03,-0.35,104.58,500.26,-114.32,1.95,2.12,4.0,199.88,500.26,10.69,1.43,-0.93,4.0,341.37,141.05,99.47,1.2,-0.01,4.0,-22.26,-500.27,31.34,1.5,-0.06,2.13,-238.76,-355.83,39.53,1.61,-0.28,0.84,-235.34,-450.75,59.51,1.42,-0.97,-1.1,-178.06,-460.5,71.48,1.13,-1.9,-2.12,-25.1,-263.63,-0.85,0.98,-1.4,-2.09,94.14,86.96,-124.89,1.07,-0.46,-1.92,172.05,270.67,-147.92,1.62,2.56,0.2,117.62,500.26,-51.92,2.42,1.24,4.0,373.63,500.26,139.57,1.59,0.47,4.0,169.5,-152.21,51.91,1.47,0.3,3.01,-307.19,-444.23,149.57,1.6,-0.54,0.79,-375.51,-392.08,105.94,1.58,-1.04,-1.26,-154.11,-413.85,98.85,1.1,-2.26,-2.08,29.1,-56.14,7.59,0.87,-1.65,-2.22,204.09,141.77,-120.47,0.91,-0.56,-1.83,315.04,331.4,-187.27,1.24,2.39,0.34,223.39,500.26,-126.84,2.02,1.91,4.0,134.17,500.26,117.51,1.64,1.18,4.0,2.35,-236.37,49.4,1.47,0.51,3.13,-372.55,-500.27,199.89,1.33,-0.52,1.18,-416.34,-500.27,137.31,1.22,-1.6,-1.21,-237.73,-500.27,116.87,0.79,-2.9,-2.3,-22.0,-231.88,29.48,0.5,-2.5,-2.24,111.68,13.53,-166.81,0.68,-1.23,-2.11,202.17,225.57,-241.36,0.84,0.79,-1.1,189.97,472.66,-247.8,2.61,3.77,3.77,-67.15,500.26,-84.29,2.25,1.92,4.0,18.05,-71.85,30.63,2.0,1.57,3.55,-321.62,-191.05,194.76,1.74,-0.38,3.22,-367.54,-193.97,172.81,1.27,-1.49,1.57,-158.81,-446.44,121.21,1.04,-1.88,-1.22,-71.18,-355.62,60.18,0.69,-2.58,-1.91,-14.47,-250.47,-48.43,0.86,-1.36,-2.3,8.08,103.28,-155.36,1.13,-0.24,-1.51,88.43,368.63,-134.14,1.91,0.76,3.38,196.41,500.26,-81.54,2
